epoch,train_loss,train_accuracy,train_macro_f1,val_loss,val_accuracy,val_macro_f1,lr,epoch_seconds,mps_current,mps_driver,mps_recommended_max,model,run
1,1.1943219594434902,0.5645726055612771,0.5586048552339089,1.009713419981154,0.5925036040365209,0.639365850152598,0.0002997040092642,34.62759937499868,30.5MB,1.1GB,37.4GB,mobilenet_v3_small,20260601_004804
2,0.4824310353622377,0.8014418125643666,0.796727774643839,0.5957336764906187,0.7126381547333013,0.7914664829353242,0.0002988172051971,13.563483000001725,29.9MB,1.1GB,37.4GB,mobilenet_v3_small,20260601_004804
3,0.377348163269698,0.8248197734294541,0.8214644594224975,0.5941698142738654,0.7164824603555983,0.7786055980739165,0.0002973430876093,13.433921874999214,29.9MB,1.1GB,37.4GB,mobilenet_v3_small,20260601_004804
4,0.3471741435886288,0.8345005149330587,0.8374296561478335,0.5475563736330827,0.7236905333974051,0.7958423405969216,0.0002952874741692,13.316424791999452,29.9MB,1.1GB,37.4GB,mobilenet_v3_small,20260601_004804
5,0.329643462326696,0.8425334706488157,0.8401193418161363,0.4627696617843439,0.746756367131187,0.8300016210082439,0.0002926584774442,13.312999957997818,29.9MB,1.1GB,37.4GB,mobilenet_v3_small,20260601_004804
6,0.31967649027076,0.8472708547888774,0.8484243054774017,0.4783287292658738,0.7424315233061028,0.817877734831807,0.0002894664728832,13.337985582998954,29.9MB,1.1GB,37.4GB,mobilenet_v3_small,20260601_004804
7,0.2972184392806798,0.8550978372811534,0.8530753655248599,0.4599591065976895,0.7573282075925036,0.8398853517350167,0.0002857240578699,13.333091500000592,29.9MB,1.1GB,37.4GB,mobilenet_v3_small,20260601_004804
8,0.2954750181257295,0.8542739443872297,0.8532483788734724,0.4385699408235371,0.7457952907256127,0.8308387614581284,0.0002814460020065,13.334200582998164,29.9MB,1.1GB,37.4GB,mobilenet_v3_small,20260601_004804
9,0.2937972036743753,0.8545829042224511,0.851248229563772,0.4880131822632574,0.7520422873618453,0.8313338322251779,0.0002766491888253,13.299164750002092,29.9MB,1.1GB,37.4GB,mobilenet_v3_small,20260601_004804
10,0.2970200329128917,0.8493305870236869,0.8490317421015317,0.4254074188048652,0.7530033637674195,0.8366571162001437,0.0002713525491562,13.363543583996943,29.9MB,1.1GB,37.4GB,mobilenet_v3_small,20260601_004804
11,0.2926908640365522,0.8483007209062822,0.8512076233113754,0.4360887852785164,0.746756367131187,0.8316452005722716,0.0002655769864163,13.488920583000436,29.9MB,1.1GB,37.4GB,mobilenet_v3_small,20260601_004804
12,0.2840186905173391,0.8603501544799176,0.8552696792652639,0.4371525999847826,0.7554060547813551,0.8364046804176065,0.0002593452941132,13.33423962500092,29.9MB,1.1GB,37.4GB,mobilenet_v3_small,20260601_004804
13,0.2876779265187673,0.8514933058702369,0.8535947421537384,0.4772959213913317,0.7438731379144642,0.8219973526540919,0.0002526820658893,13.36467545800042,29.9MB,1.1GB,37.4GB,mobilenet_v3_small,20260601_004804
14,0.2923101977265826,0.8524201853759011,0.851019260512435,0.4162134634995907,0.7568476693897165,0.8390511749308371,0.0002456135984623,13.314984166001524,29.9MB,1.1GB,37.4GB,mobilenet_v3_small,20260601_004804
15,0.2742504013615951,0.8651905252317199,0.8629104450285259,0.4243477429981589,0.731379144641999,0.814135563387596,0.0002381677878438,13.399853250000888,29.9MB,1.1GB,37.4GB,mobilenet_v3_small,20260601_004804
16,0.2744363201603708,0.8596292481977343,0.8568985624808101,0.4186015342474556,0.7424315233061028,0.8269557995877765,0.0002303740192468,13.515412249998915,29.9MB,1.1GB,37.4GB,mobilenet_v3_small,20260601_004804
17,0.2749792929167114,0.8601441812564367,0.8563838517750768,0.4311017385759587,0.7582892839980778,0.8391473741635929,0.0002222630511152,13.54669504100093,29.9MB,1.1GB,37.4GB,mobilenet_v3_small,20260601_004804
18,0.277211812261327,0.8590113285272915,0.8576841660754264,0.431189763981353,0.7554060547813551,0.8367860466267808,0.0002138668937347,13.65800416699858,29.9MB,1.1GB,37.4GB,mobilenet_v3_small,20260601_004804
19,0.2779991060464684,0.8579814624098867,0.8590327586725972,0.40254796381927,0.7563671311869293,0.8364855218074267,0.0002052186829027,13.880567666998104,29.9MB,1.1GB,37.4GB,mobilenet_v3_small,20260601_004804
20,0.2784363998934611,0.8577754891864058,0.8578632164457689,0.419770254847065,0.7616530514175877,0.8425437555569963,0.0001963525491562,13.606498291999742,29.9MB,1.1GB,37.4GB,mobilenet_v3_small,20260601_004804
21,0.2656361573142691,0.8664263645726056,0.861721383486765,0.4234132199319494,0.7602114368092263,0.8423887047561001,0.0001873034830747,13.817229083000711,29.9MB,1.1GB,37.4GB,mobilenet_v3_small,20260601_004804
22,0.2693708892493489,0.8615859938208033,0.8617158310733887,0.4301607265660305,0.7664584334454589,0.8466323880203808,0.0001781071971878,13.670897833002527,29.9MB,1.1GB,37.4GB,mobilenet_v3_small,20260601_004804
23,0.2769716753834431,0.860453141091658,0.8592511513705994,0.4324226264538872,0.7481979817395483,0.8319733916507177,0.0001687999850346,13.717987707997963,29.9MB,1.1GB,37.4GB,mobilenet_v3_small,20260601_004804
24,0.2614030535446996,0.8705458290422246,0.8680100797696028,0.4469102301716747,0.7582892839980778,0.840159885110925,0.0001594185779293,13.704584999999495,29.9MB,1.1GB,37.4GB,mobilenet_v3_small,20260601_004804
25,0.2700878679690965,0.8670442842430484,0.8653940041393918,0.4258113864349208,0.7592503604036521,0.8417341252446072,0.00015,13.720323708999786,29.9MB,1.1GB,37.4GB,mobilenet_v3_small,20260601_004804
26,0.2643082382320498,0.8666323377960865,0.8645849190650181,0.4192328883557867,0.7640557424315233,0.8449976732062432,0.0001405814220706,13.738816250002856,29.9MB,1.1GB,37.4GB,mobilenet_v3_small,20260601_004804
27,0.2605688195180696,0.8656024716786818,0.863915424545572,0.4194988879316532,0.7578087457952907,0.8409981096898833,0.0001312000149653,14.22850154200205,29.9MB,1.1GB,37.4GB,mobilenet_v3_small,20260601_004804
28,0.2637598955821549,0.8633367662203913,0.8599293277786217,0.4162402979059325,0.7371456030754445,0.8260464649086771,0.0001218928028121,14.107739499999298,29.9MB,1.1GB,37.4GB,mobilenet_v3_small,20260601_004804
29,0.2745121474246409,0.8606591143151391,0.859122408188765,0.4260970899429761,0.7597308986064392,0.8422796285266804,0.0001126965169252,14.132510540999649,29.9MB,1.1GB,37.4GB,mobilenet_v3_small,20260601_004804
30,0.2683222863504741,0.8612770339855819,0.8608581551017653,0.4185755593968033,0.7539644401729938,0.8385454440730217,0.0001036474508437,13.848096499998064,29.9MB,1.1GB,37.4GB,mobilenet_v3_small,20260601_004804
31,0.2672711082163481,0.864572605561277,0.8616594127877085,0.422253242110702,0.762614127823162,0.844099397099042,9.478131709729836e-05,13.806024500001511,29.9MB,1.1GB,37.4GB,mobilenet_v3_small,20260601_004804
32,0.2529321119726379,0.8721936148300721,0.8680646836860931,0.4219753408248696,0.7323402210475732,0.8212176074571823,8.61331062652391e-05,13.846019207998324,29.9MB,1.1GB,37.4GB,mobilenet_v3_small,20260601_004804
33,0.2642112662538072,0.8643666323377961,0.8613590724253318,0.4263597605092086,0.7501201345506968,0.8359249753283448,7.773694888474269e-05,13.838895582997791,29.9MB,1.1GB,37.4GB,mobilenet_v3_small,20260601_004804
34,0.2600158080627449,0.8703398558187435,0.8700526204324615,0.4469737402811926,0.7635752042287361,0.8446514368005048,6.962598075315047e-05,13.859722459001205,29.9MB,1.1GB,37.4GB,mobilenet_v3_small,20260601_004804
35,0.2664105666715011,0.8605561277033985,0.8622070560663594,0.4382683783698002,0.7616530514175877,0.8437026901065967,6.183221215612905e-05,13.88743600000089,29.9MB,1.1GB,37.4GB,mobilenet_v3_small,20260601_004804
36,0.2594704561691298,0.8659114315139032,0.8642367675264802,0.4273851105136862,0.7554060547813551,0.8397372059126197,5.438640153769654e-05,13.90194941700247,29.9MB,1.1GB,37.4GB,mobilenet_v3_small,20260601_004804
37,0.2428368070773803,0.874356333676622,0.8672703914153078,0.4294578093339021,0.7539644401729938,0.8385444509011631,4.73179341106967e-05,13.90041312500034,29.9MB,1.1GB,37.4GB,mobilenet_v3_small,20260601_004804
38,0.2608001716504013,0.8619979402677652,0.8600999340105756,0.4253457725935977,0.7477174435367612,0.8338059281076389,4.0654705886788306e-05,13.934817666999152,29.9MB,1.1GB,37.4GB,mobilenet_v3_small,20260601_004804
39,0.2587768163420759,0.8648815653964984,0.8620746111388855,0.4270660658400543,0.7534839019702066,0.838045812751379,3.4423013583631635e-05,13.930432042001485,29.9MB,1.1GB,37.4GB,mobilenet_v3_small,20260601_004804
40,0.2678204005091124,0.8622039134912461,0.8653139711468381,0.4263589783450378,0.74291206150889,0.8307159269943164,2.86474508437579e-05,14.16979504199844,29.9MB,1.1GB,37.4GB,mobilenet_v3_small,20260601_004804
41,0.2580111369628739,0.8683831101956746,0.8689213347925554,0.429784113944923,0.7486785199423354,0.8346733897135008,2.3350811174697777e-05,14.192472667000402,29.9MB,1.1GB,37.4GB,mobilenet_v3_small,20260601_004804
42,0.2490783849779044,0.8716786817713698,0.8652815332055253,0.4344020489315068,0.7558865929841423,0.8395240951952947,1.8553997993420465e-05,14.089245082999696,29.9MB,1.1GB,37.4GB,mobilenet_v3_small,20260601_004804
43,0.2568857843672087,0.8694129763130793,0.8682321434255695,0.43419031444391,0.7554060547813551,0.8393915617255658,1.42759421300971e-05,13.966800915997736,29.9MB,1.1GB,37.4GB,mobilenet_v3_small,20260601_004804
44,0.2598961140818502,0.8641606591143152,0.8642855391020414,0.4296408338594872,0.7486785199423354,0.8348910918380551,1.05335271167623e-05,13.95514670799821,29.9MB,1.1GB,37.4GB,mobilenet_v3_small,20260601_004804
45,0.2536056781435111,0.8698249227600412,0.8684748331340801,0.4314864653626753,0.7530033637674195,0.8378906873111455,7.341522555726972e-06,13.98382762500114,29.9MB,1.1GB,37.4GB,mobilenet_v3_small,20260601_004804
46,0.2542491101027763,0.8719876416065911,0.8714853521541238,0.4340156948892959,0.7539644401729938,0.8386287248820736,4.712525830705356e-06,13.949180415998852,29.9MB,1.1GB,37.4GB,mobilenet_v3_small,20260601_004804
47,0.2655490138380952,0.8618949536560248,0.859671176545785,0.4317981420028444,0.7491590581451225,0.8353052390401265,2.656912390696692e-06,13.987388958998054,29.9MB,1.1GB,37.4GB,mobilenet_v3_small,20260601_004804
48,0.2560521510123715,0.8691040164778578,0.8657112375122092,0.4306589406823264,0.7491590581451225,0.8352525646837404,1.1827948028283352e-06,13.975324167000508,29.9MB,1.1GB,37.4GB,mobilenet_v3_small,20260601_004804
49,0.2660833880781022,0.86086508753862,0.8606143830654065,0.4313051687130156,0.7491590581451225,0.8352525646837404,2.959907357592662e-07,13.938061000000744,29.9MB,1.1GB,37.4GB,mobilenet_v3_small,20260601_004804
50,0.2535486273874215,0.8712667353244078,0.8682724576686921,0.4305573985130955,0.751081210956271,0.8365462731980635,0.0,13.99161549999917,29.9MB,1.1GB,37.4GB,mobilenet_v3_small,20260601_004804
1,0.9474879177051272,0.6468589083419155,0.6383110294900489,0.7332386174836679,0.6655454108601634,0.7322983221093529,0.0002997040092642,29.546632749999844,82.2MB,2.2GB,37.4GB,mobilenet_v3_large,20260601_004804
2,0.4060484991751296,0.8182286302780638,0.8165049191990961,0.5732985684242689,0.7184046131667468,0.7910705973204508,0.0002988172051971,27.307142415997077,82.3MB,2.2GB,37.4GB,mobilenet_v3_large,20260601_004804
3,0.3510056326489983,0.8350154479917611,0.8367179048409482,0.5090360079230969,0.7381066794810187,0.812766805615685,0.0002973430876093,27.284302791998925,82.3MB,2.2GB,37.4GB,mobilenet_v3_large,20260601_004804
4,0.3291972352351022,0.8391349124613801,0.8420742222221463,0.4537290939913525,0.7448342143200385,0.8256943808429833,0.0002952874741692,27.29242904200146,82.3MB,2.2GB,37.4GB,mobilenet_v3_large,20260601_004804
5,0.3096616583307543,0.8541709577754892,0.8531072665793058,0.4555434855573856,0.7525228255646323,0.8308068070384219,0.0002926584774442,27.66067162500258,82.3MB,2.2GB,37.4GB,mobilenet_v3_large,20260601_004804
6,0.301947608513395,0.8537590113285273,0.8514645512836798,0.4696324283775374,0.7568476693897165,0.8360675747413757,0.0002894664728832,27.89824420899822,82.3MB,2.2GB,37.4GB,mobilenet_v3_large,20260601_004804
7,0.2789697213564547,0.8602471678681771,0.8556498465373611,0.5602298740696758,0.739067755886593,0.8106181443820524,0.0002857240578699,27.922550249997585,82.3MB,2.2GB,37.4GB,mobilenet_v3_large,20260601_004804
8,0.3017036304599102,0.8533470648815654,0.8498086637871395,0.4279661115289364,0.7645362806343105,0.8437308109898257,0.0002814460020065,28.24280733300111,82.3MB,2.2GB,37.4GB,mobilenet_v3_large,20260601_004804
9,0.2885275351338234,0.8595262615859938,0.8564009246114026,0.4499246580047369,0.747236905333974,0.827640994200567,0.0002766491888253,28.08983570899727,82.3MB,2.2GB,37.4GB,mobilenet_v3_large,20260601_004804
10,0.2754836423942161,0.8658084449021627,0.8615099119722008,0.4535800540521705,0.7602114368092263,0.8375044950668343,0.0002713525491562,28.136973542001215,82.3MB,2.2GB,37.4GB,mobilenet_v3_large,20260601_004804
11,0.2941730807971758,0.8557157569515963,0.8546416479369063,0.4231308041313186,0.7496395963479097,0.8312742928407144,0.0002655769864163,28.1839124170001,82.3MB,2.2GB,37.4GB,mobilenet_v3_large,20260601_004804
12,0.2781570457037151,0.8578784757981462,0.855507957770461,0.4257815320981001,0.7563671311869293,0.838299756933505,0.0002593452941132,28.17792550000013,82.3MB,2.2GB,37.4GB,mobilenet_v3_large,20260601_004804
13,0.2696918344460849,0.8643666323377961,0.864750292099894,0.4115305094980151,0.7554060547813551,0.8264582671165754,0.0002526820658893,28.290336458001548,82.3MB,2.2GB,37.4GB,mobilenet_v3_large,20260601_004804
14,0.2676177153196934,0.8623069001029866,0.8602321312048348,0.4188326908555642,0.7592503604036521,0.8401485026163982,0.0002456135984623,28.144611125000665,82.3MB,2.2GB,37.4GB,mobilenet_v3_large,20260601_004804
15,0.2862388397128648,0.860453141091658,0.8585753529501864,0.4332614882183671,0.739067755886593,0.8252304548561719,0.0002381677878438,28.108733749999377,82.3MB,2.2GB,37.4GB,mobilenet_v3_large,20260601_004804
16,0.2875481092536977,0.8555097837281154,0.8546277924879837,0.4689008488728414,0.7558865929841423,0.8350695996409514,0.0002303740192468,28.12290062500324,82.3MB,2.2GB,37.4GB,mobilenet_v3_large,20260601_004804
17,0.2696490138738457,0.8657054582904222,0.8628180893198585,0.4237221303265694,0.7659778952426718,0.8461348721861675,0.0002222630511152,28.0899873749986,82.3MB,2.2GB,37.4GB,mobilenet_v3_large,20260601_004804
18,0.2673325717265034,0.8640576725025747,0.8589809757092357,0.4261501123846751,0.7409899086977415,0.8269034168937062,0.0002138668937347,28.105943042002764,82.3MB,2.2GB,37.4GB,mobilenet_v3_large,20260601_004804
19,0.2783006602716004,0.8574665293511844,0.8552733539820041,0.4438642924763387,0.7602114368092263,0.8416048647162557,0.0002052186829027,28.105842875000235,82.3MB,2.2GB,37.4GB,mobilenet_v3_large,20260601_004804
20,0.2719600842553972,0.8654994850669413,0.8654640965443172,0.4189585954566691,0.7645362806343105,0.844435209223839,0.0001963525491562,28.47837004200119,82.3MB,2.2GB,37.4GB,mobilenet_v3_large,20260601_004804
21,0.2761883316030217,0.8602471678681771,0.8596383881326353,0.417148455669535,0.7597308986064392,0.8412264984815867,0.0001873034830747,28.82353912499821,82.3MB,2.2GB,37.4GB,mobilenet_v3_large,20260601_004804
22,0.2672090535551831,0.864778578784758,0.8651154821110979,0.4141835273601068,0.754925516578568,0.8382325610656501,0.0001781071971878,28.08536354199896,82.3MB,2.2GB,37.4GB,mobilenet_v3_large,20260601_004804
23,0.2639289026418135,0.866529351184346,0.8636963563297039,0.4127792298994289,0.7621335896203748,0.8422270835491811,0.0001687999850346,28.09796566699879,82.3MB,2.2GB,37.4GB,mobilenet_v3_large,20260601_004804
24,0.2663404232318811,0.8606591143151391,0.8611391345763758,0.413449976978137,0.7501201345506968,0.8352022276054609,0.0001594185779293,28.12430595800106,82.3MB,2.2GB,37.4GB,mobilenet_v3_large,20260601_004804
25,0.2658793757614957,0.866529351184346,0.8681079435092109,0.4410739860701939,0.7674195098510331,0.8466664814247011,0.00015,28.03542062499764,82.3MB,2.2GB,37.4GB,mobilenet_v3_large,20260601_004804
26,0.2524555097003184,0.8705458290422246,0.8649027332369994,0.4203647571879473,0.7544449783757808,0.8378613117731788,0.0001405814220706,28.155964166999183,82.3MB,2.2GB,37.4GB,mobilenet_v3_large,20260601_004804
27,0.2572617595614415,0.8727085478887745,0.8692700627492771,0.4252438220423268,0.7558865929841423,0.8388137093292917,0.0001312000149653,28.16371920799793,82.3MB,2.2GB,37.4GB,mobilenet_v3_large,20260601_004804
28,0.2629872055733854,0.8668383110195674,0.8653257481307591,0.4254461493359226,0.7635752042287361,0.8443248096479155,0.0001218928028121,28.14228962500056,82.3MB,2.2GB,37.4GB,mobilenet_v3_large,20260601_004804
29,0.263797783397376,0.8648815653964984,0.8618375289294469,0.4212229580675278,0.7462758289283998,0.8315501707870978,0.0001126965169252,28.412566749997495,82.3MB,2.2GB,37.4GB,mobilenet_v3_large,20260601_004804
30,0.2631563586567506,0.8656024716786818,0.8624730579515427,0.4394473404279412,0.7539644401729938,0.8374548303809379,0.0001036474508437,28.21291420800117,82.3MB,2.2GB,37.4GB,mobilenet_v3_large,20260601_004804
31,0.2640009957042462,0.8668383110195674,0.8616305535496708,0.4255348888227196,0.7592503604036521,0.8410415395655264,9.478131709729836e-05,28.177397666000616,82.3MB,2.2GB,37.4GB,mobilenet_v3_large,20260601_004804
32,0.2593372603953192,0.8678681771369722,0.8655369280376293,0.4252163936804258,0.7606919750120135,0.8420211123168975,8.61331062652391e-05,28.11415820800175,82.3MB,2.2GB,37.4GB,mobilenet_v3_large,20260601_004804
33,0.26050725853038,0.8690010298661174,0.8661529689916246,0.4415788909152744,0.7650168188370976,0.8449428647741618,7.773694888474269e-05,28.28325420799956,82.3MB,2.2GB,37.4GB,mobilenet_v3_large,20260601_004804
34,0.2635355209653581,0.8625128733264675,0.8626016274102142,0.4379832938506819,0.7679000480538203,0.8467875765182284,6.962598075315047e-05,28.20361229199989,82.3MB,2.2GB,37.4GB,mobilenet_v3_large,20260601_004804
35,0.2622072808774443,0.866735324407827,0.862219450716172,0.4245943618130077,0.7578087457952907,0.839989558029465,6.183221215612905e-05,28.210538375002216,82.3MB,2.2GB,37.4GB,mobilenet_v3_large,20260601_004804
36,0.2614813259153422,0.8631307929969104,0.8624009954065017,0.4244633549855685,0.7491590581451225,0.8343250558841695,5.438640153769654e-05,28.104630082998483,82.3MB,2.2GB,37.4GB,mobilenet_v3_large,20260601_004804
37,0.2619421657217027,0.8660144181256436,0.8635593757885819,0.4252770964999659,0.7573282075925036,0.8402913246587236,4.73179341106967e-05,28.09622274999856,82.3MB,2.2GB,37.4GB,mobilenet_v3_large,20260601_004804
38,0.2524047322210642,0.8704428424304841,0.8685603864962995,0.4293075577964123,0.7606919750120135,0.8425608683085147,4.0654705886788306e-05,28.463323832998867,82.3MB,2.2GB,37.4GB,mobilenet_v3_large,20260601_004804
39,0.2556028259125846,0.8687950566426365,0.8669561298809436,0.4300170983906149,0.7568476693897165,0.8400858308786499,3.4423013583631635e-05,28.410737458001677,82.3MB,2.2GB,37.4GB,mobilenet_v3_large,20260601_004804
40,0.2578280057746583,0.8692070030895983,0.8677381309378706,0.4289651654306253,0.7525228255646323,0.836989190959904,2.86474508437579e-05,28.431636999997863,82.3MB,2.2GB,37.4GB,mobilenet_v3_large,20260601_004804
41,0.2573254771691763,0.8700308959835221,0.8680897498135831,0.4272440673066469,0.7453147525228255,0.8324959785735756,2.3350811174697777e-05,28.096614082998713,82.3MB,2.2GB,37.4GB,mobilenet_v3_large,20260601_004804
42,0.2513959652915919,0.8732234809474768,0.8705929088219657,0.4358613487907695,0.7520422873618453,0.8366499220303941,1.8553997993420465e-05,28.47246204199837,82.3MB,2.2GB,37.4GB,mobilenet_v3_large,20260601_004804
43,0.2600018029785058,0.8660144181256436,0.8656303431456585,0.4327245635919878,0.7515617491590582,0.8362816692473127,1.42759421300971e-05,28.69623558300009,82.3MB,2.2GB,37.4GB,mobilenet_v3_large,20260601_004804
44,0.2561309981297022,0.8697219361483007,0.8677734811605534,0.4365863823535521,0.7554060547813551,0.8390565531469654,1.05335271167623e-05,28.78092887499952,82.3MB,2.2GB,37.4GB,mobilenet_v3_large,20260601_004804
45,0.2526978257755786,0.8708547888774459,0.8658316330386665,0.4327921533687707,0.7491590581451225,0.8351160358166274,7.341522555726972e-06,28.407440291000967,82.3MB,2.2GB,37.4GB,mobilenet_v3_large,20260601_004804
46,0.2593721087204808,0.8671472708547889,0.8659681127489698,0.4321354822663376,0.7462758289283998,0.8329851009822432,4.712525830705356e-06,29.15906845799691,82.3MB,2.2GB,37.4GB,mobilenet_v3_large,20260601_004804
47,0.2565516838391458,0.8703398558187435,0.8683522744376628,0.4348044744596522,0.7506006727534839,0.83578401777633,2.656912390696692e-06,28.575046541998745,82.3MB,2.2GB,37.4GB,mobilenet_v3_large,20260601_004804
48,0.2566046752043291,0.8692070030895983,0.8680533796817314,0.4341524640337198,0.7501201345506968,0.8354812115014822,1.1827948028283352e-06,28.485380041998724,82.3MB,2.2GB,37.4GB,mobilenet_v3_large,20260601_004804
49,0.2607563150162308,0.8636457260556127,0.8633255042653794,0.4337094571085173,0.7501201345506968,0.835482295868606,2.959907357592662e-07,28.693100958000286,82.3MB,2.2GB,37.4GB,mobilenet_v3_large,20260601_004804
50,0.2494717773399196,0.8730175077239959,0.870526862923397,0.4335420339053666,0.7486785199423354,0.834444730453671,0.0,28.25272799999948,82.3MB,2.2GB,37.4GB,mobilenet_v3_large,20260601_004804
1,1.0429174927923632,0.613697219361483,0.6018986447355245,0.6389678006043863,0.699663623258049,0.7691051135027043,0.0002997040092642,52.96798454199961,110.5MB,4.4GB,37.4GB,efficientnet_b0,20260601_004804
2,0.4338139995978617,0.8100926879505664,0.8079069807306967,0.488145161855112,0.7448342143200385,0.8257061095680828,0.0002988172051971,50.09367229200143,110.6MB,4.4GB,37.4GB,efficientnet_b0,20260601_004804
3,0.3507007000068189,0.8427394438722966,0.8377843249773554,0.4632167605641139,0.7496395963479097,0.8288250752566426,0.0002973430876093,50.18297420900126,110.6MB,4.4GB,37.4GB,efficientnet_b0,20260601_004804
4,0.3365034737068887,0.8424304840370752,0.839110014767732,0.4546913300953709,0.7578087457952907,0.8387557927707942,0.0002952874741692,50.66303233399958,110.6MB,4.4GB,37.4GB,efficientnet_b0,20260601_004804
5,0.3177524213288766,0.8470648815653965,0.8460393074204813,0.454327936587226,0.7592503604036521,0.83708496918729,0.0002926584774442,50.42715983400194,110.6MB,4.4GB,37.4GB,efficientnet_b0,20260601_004804
6,0.325346510098474,0.8443872296601442,0.844415523004633,0.4400551580626594,0.7578087457952907,0.8385371423204764,0.0002894664728832,50.54085829200267,110.6MB,4.4GB,37.4GB,efficientnet_b0,20260601_004804
7,0.290927632169915,0.8587023686920701,0.854728302860561,0.4248253758969872,0.7645362806343105,0.8430851190458317,0.0002857240578699,50.55739020799956,110.6MB,4.4GB,37.4GB,efficientnet_b0,20260601_004804
8,0.2957409408875769,0.854788877445932,0.8540616605539157,0.4134105437080314,0.762614127823162,0.8430786199736076,0.0002814460020065,50.6596817919999,110.6MB,4.4GB,37.4GB,efficientnet_b0,20260601_004804
9,0.3017468192243429,0.850669412976313,0.8472853682773661,0.4163028855326083,0.7674195098510331,0.8467300911419564,0.0002766491888253,50.55218866699943,110.6MB,4.4GB,37.4GB,efficientnet_b0,20260601_004804
10,0.2925111489057786,0.8539649845520082,0.8501368363822266,0.4145613668172305,0.7630946660259491,0.843572653199561,0.0002713525491562,50.23049112500303,110.6MB,4.4GB,37.4GB,efficientnet_b0,20260601_004804
11,0.2969856852606077,0.8511843460350155,0.8506015996184936,0.4270363274473001,0.7650168188370976,0.8440148476248377,0.0002655769864163,50.21871575000114,110.6MB,4.4GB,37.4GB,efficientnet_b0,20260601_004804
12,0.288657993642972,0.858908341915551,0.8568284781641893,0.4245264855558514,0.7659778952426718,0.8451669615053468,0.0002593452941132,50.188210084001184,110.6MB,4.4GB,37.4GB,efficientnet_b0,20260601_004804
13,0.2792911399036922,0.8609680741503605,0.8590018071982444,0.4162500820613606,0.7650168188370976,0.8450960415339478,0.0002526820658893,51.054154165998625,110.6MB,4.4GB,37.4GB,efficientnet_b0,20260601_004804
14,0.2783436625121673,0.8599382080329557,0.8560881868363245,0.4207171688625183,0.7592503604036521,0.8409013555708096,0.0002456135984623,50.28938429200207,110.6MB,4.4GB,37.4GB,efficientnet_b0,20260601_004804
15,0.2736544553762116,0.8622039134912461,0.8633657063951432,0.4202333863167623,0.7539644401729938,0.8374271467922481,0.0002381677878438,50.59627104199899,110.6MB,4.4GB,37.4GB,efficientnet_b0,20260601_004804
16,0.2706252431955445,0.8663233779608651,0.8621392676025975,0.4346474324322159,0.7630946660259491,0.8436738457149796,0.0002303740192468,50.190149375001056,110.6MB,4.4GB,37.4GB,efficientnet_b0,20260601_004804
17,0.2741301591530151,0.8653964984552008,0.8635879179645435,0.4369385046262342,0.7530033637674195,0.8342366375762423,0.0002222630511152,50.24431379100133,110.6MB,4.4GB,37.4GB,efficientnet_b0,20260601_004804
18,0.287215688612876,0.8553038105046344,0.8533519290714797,0.4021555522151545,0.7506006727534839,0.8352918318755093,0.0002138668937347,50.57849170899863,110.6MB,4.4GB,37.4GB,efficientnet_b0,20260601_004804
19,0.2754812747086604,0.8615859938208033,0.8600230330961893,0.4339742201959096,0.758769822200865,0.8400362548622289,0.0002052186829027,50.231118959000014,110.6MB,4.4GB,37.4GB,efficientnet_b0,20260601_004804
20,0.2805823045398131,0.8570545829042224,0.8564262360118268,0.4118718385467272,0.7481979817395483,0.8318383863363459,0.0001963525491562,50.12374091700258,110.6MB,4.4GB,37.4GB,efficientnet_b0,20260601_004804
21,0.2677320938043289,0.8652935118434604,0.864160407223148,0.4082091683553194,0.7342623738587217,0.8167615595277272,0.0001873034830747,50.08962150000298,110.6MB,4.4GB,37.4GB,efficientnet_b0,20260601_004804
22,0.2653106925232157,0.8625128733264675,0.8617135204989678,0.4077961802310751,0.7448342143200385,0.8221142050745305,0.0001781071971878,50.36176004200024,110.6MB,4.4GB,37.4GB,efficientnet_b0,20260601_004804
23,0.2708549206337894,0.8615859938208033,0.8590603959823451,0.4068291146041452,0.7371456030754445,0.8255298440087466,0.0001687999850346,50.28181199999744,110.6MB,4.4GB,37.4GB,efficientnet_b0,20260601_004804
24,0.274838445529756,0.860453141091658,0.8604669018196831,0.4088832159445642,0.7525228255646323,0.8370029048057925,0.0001594185779293,50.26200945800156,110.6MB,4.4GB,37.4GB,efficientnet_b0,20260601_004804
25,0.2687918275686788,0.8603501544799176,0.8591176808517424,0.4283148781832796,0.7481979817395483,0.8339220727720593,0.00015,50.30081375000009,110.6MB,4.4GB,37.4GB,efficientnet_b0,20260601_004804
26,0.263228621842564,0.8673532440782699,0.865177761770614,0.4229821395782368,0.7611725132148006,0.8432157991145556,0.0001405814220706,50.29594016700139,110.6MB,4.4GB,37.4GB,efficientnet_b0,20260601_004804
27,0.2757148187757152,0.8601441812564367,0.8584655526703159,0.4139876058329647,0.7525228255646323,0.8377885225905202,0.0001312000149653,50.29619745799937,110.6MB,4.4GB,37.4GB,efficientnet_b0,20260601_004804
28,0.2602935023951113,0.8661174047373842,0.8619806012447547,0.4241174173607155,0.7573282075925036,0.84077479972792,0.0001218928028121,50.08196529199995,110.6MB,4.4GB,37.4GB,efficientnet_b0,20260601_004804
29,0.2685124749258298,0.862615859938208,0.8611025244761651,0.4274002539601708,0.7457952907256127,0.8319219996758612,0.0001126965169252,50.09686416700061,110.6MB,4.4GB,37.4GB,efficientnet_b0,20260601_004804
30,0.2617918432741037,0.8674562306900103,0.8655417260336016,0.4319606003195319,0.751081210956271,0.8362243580681091,0.0001036474508437,50.07724229199812,110.6MB,4.4GB,37.4GB,efficientnet_b0,20260601_004804
31,0.2562668274409002,0.8731204943357364,0.8689882897098723,0.426218668037398,0.7621335896203748,0.8438788817502747,9.478131709729836e-05,50.05875333400036,110.6MB,4.4GB,37.4GB,efficientnet_b0,20260601_004804
32,0.2632275753851162,0.8658084449021627,0.8646952855082817,0.425361575414675,0.7578087457952907,0.8410474896849526,8.61331062652391e-05,50.14156787500178,110.6MB,4.4GB,37.4GB,efficientnet_b0,20260601_004804
33,0.256667884493709,0.8693099897013389,0.8686774571204804,0.4367333592445102,0.7621335896203748,0.8437439438262617,7.773694888474269e-05,50.35953291599799,110.6MB,4.4GB,37.4GB,efficientnet_b0,20260601_004804
34,0.2652572551237689,0.8651905252317199,0.8645984855526485,0.4266076954381503,0.751081210956271,0.836397902213845,6.962598075315047e-05,50.6841490830011,110.6MB,4.4GB,37.4GB,efficientnet_b0,20260601_004804
35,0.2615739818182836,0.8671472708547889,0.8656545021795253,0.4287232188064854,0.7520422873618453,0.8370548671540018,6.183221215612905e-05,50.41472116699879,110.6MB,4.4GB,37.4GB,efficientnet_b0,20260601_004804
36,0.2685738428421971,0.8633367662203913,0.8628342711878054,0.4277897555057043,0.7558865929841423,0.8394258136968826,5.438640153769654e-05,50.64020483400236,110.6MB,4.4GB,37.4GB,efficientnet_b0,20260601_004804
37,0.2650679259694322,0.8656024716786818,0.863296922183494,0.4421019122785012,0.7496395963479097,0.8353203589386671,4.73179341106967e-05,50.226897666001605,110.6MB,4.4GB,37.4GB,efficientnet_b0,20260601_004804
38,0.2600402245085099,0.8669412976313079,0.8642067925892735,0.4345855179857257,0.7534839019702066,0.8379798558543863,4.0654705886788306e-05,50.21983724999882,110.6MB,4.4GB,37.4GB,efficientnet_b0,20260601_004804
39,0.2579152176051135,0.8688980432543769,0.8679839296841028,0.4420925959665462,0.7563671311869293,0.8403054757543921,3.4423013583631635e-05,50.100053207999736,110.6MB,4.4GB,37.4GB,efficientnet_b0,20260601_004804
40,0.2662291251115278,0.8632337796086509,0.86204322810014,0.4318771610347082,0.7477174435367612,0.8340291478910404,2.86474508437579e-05,50.099163250000856,110.6MB,4.4GB,37.4GB,efficientnet_b0,20260601_004804
41,0.2565006269945789,0.8668383110195674,0.8634308378021016,0.4313968455831573,0.743392599711677,0.8315486700885857,2.3350811174697777e-05,50.08981800000038,110.6MB,4.4GB,37.4GB,efficientnet_b0,20260601_004804
42,0.2529048049225866,0.8704428424304841,0.8686368521354217,0.4360122573255404,0.7438731379144642,0.8316891533724691,1.8553997993420465e-05,50.80661645899818,110.6MB,4.4GB,37.4GB,efficientnet_b0,20260601_004804
43,0.2533537001307789,0.8716786817713698,0.8721814473096461,0.4423276966492296,0.7501201345506968,0.835931803190139,1.42759421300971e-05,50.1121200000016,110.6MB,4.4GB,37.4GB,efficientnet_b0,20260601_004804
44,0.2512652295870834,0.8718846549948507,0.8697810123119588,0.4454610543661195,0.7496395963479097,0.8354311784047571,1.05335271167623e-05,50.53142454200133,110.6MB,4.4GB,37.4GB,efficientnet_b0,20260601_004804
45,0.2544031208716755,0.8712667353244078,0.8712202003228326,0.4422746358268367,0.74291206150889,0.8310900918723115,7.341522555726972e-06,50.068391750002775,110.6MB,4.4GB,37.4GB,efficientnet_b0,20260601_004804
46,0.2556201948503264,0.8673532440782699,0.8650923869678429,0.4434677027613425,0.74291206150889,0.8311137760516876,4.712525830705356e-06,50.20551341699684,110.6MB,4.4GB,37.4GB,efficientnet_b0,20260601_004804
47,0.2562371261149307,0.8650875386199794,0.8649712834709925,0.4377421506146637,0.7419509851033157,0.8303162554525579,2.656912390696692e-06,50.101708833000885,110.6MB,4.4GB,37.4GB,efficientnet_b0,20260601_004804
48,0.2564464160391771,0.8759011328527292,0.8757094126051587,0.4425478998082925,0.746756367131187,0.8331458841877455,1.1827948028283352e-06,50.369040499997936,110.6MB,4.4GB,37.4GB,efficientnet_b0,20260601_004804
49,0.2604815618323985,0.8691040164778578,0.8666699335502319,0.4424692762407874,0.7453147525228255,0.8321808572713753,2.959907357592662e-07,50.091121999997995,110.6MB,4.4GB,37.4GB,efficientnet_b0,20260601_004804
50,0.2550727334376098,0.8708547888774459,0.8666819641826565,0.4422455180842735,0.7457952907256127,0.8325031857153332,0.0,50.35880237500169,110.6MB,4.4GB,37.4GB,efficientnet_b0,20260601_004804
1,1.1364216317968436,0.5850669412976313,0.579250844421089,0.7024685547708147,0.6775588659298414,0.7428626377522787,0.0002997040092642,72.37921204200029,177.5MB,5.4GB,37.4GB,efficientnet_b1,20260601_004804
2,0.4466681127567861,0.8089598352214212,0.803896452069888,0.5177007779543472,0.7284959154252764,0.8099250965565374,0.0002988172051971,71.4218096250006,177.5MB,5.4GB,37.4GB,efficientnet_b1,20260601_004804
3,0.3655983094022399,0.8281153450051494,0.827707913080576,0.4667105210165402,0.7525228255646323,0.8342533016564627,0.0002973430876093,70.11596987500161,177.5MB,5.4GB,37.4GB,efficientnet_b1,20260601_004804
4,0.3270215248901984,0.8455200823892894,0.8476621480043252,0.4620820864755794,0.7602114368092263,0.8404039402812897,0.0002952874741692,70.08076387500114,177.5MB,5.4GB,37.4GB,efficientnet_b1,20260601_004804
5,0.3124074095463041,0.8504634397528321,0.8481476035880685,0.4439183027339863,0.7491590581451225,0.831683119578692,0.0002926584774442,70.09207912499915,177.5MB,5.4GB,37.4GB,efficientnet_b1,20260601_004804
6,0.308709409034952,0.8495365602471678,0.8455534722110323,0.4321025263111732,0.7496395963479097,0.8310830292302729,0.0002894664728832,70.11315466700034,177.5MB,5.4GB,37.4GB,efficientnet_b1,20260601_004804
7,0.2940521945177465,0.8527291452111225,0.8520040118276353,0.4503899723620783,0.7597308986064392,0.8402485601661176,0.0002857240578699,70.29599154100288,177.5MB,5.4GB,37.4GB,efficientnet_b1,20260601_004804
8,0.3008850802660725,0.860453141091658,0.85587916813121,0.4252826267856064,0.7554060547813551,0.8363468840917009,0.0002814460020065,70.13996249999764,177.5MB,5.4GB,37.4GB,efficientnet_b1,20260601_004804
9,0.2880854443682455,0.8588053553038105,0.8563233044205876,0.4519934610413107,0.7679000480538203,0.8467238299388672,0.0002766491888253,70.27087554199898,177.5MB,5.4GB,37.4GB,efficientnet_b1,20260601_004804
10,0.282395486912693,0.8575695159629249,0.8547917175539181,0.421009318350829,0.7558865929841423,0.8369647225421694,0.0002713525491562,70.36061820800023,177.5MB,5.4GB,37.4GB,efficientnet_b1,20260601_004804
11,0.2832268248625813,0.8603501544799176,0.8575933885436903,0.4339405400199652,0.7630946660259491,0.8413319381680535,0.0002655769864163,70.05485595899881,177.5MB,5.4GB,37.4GB,efficientnet_b1,20260601_004804
12,0.284147677319671,0.8591143151390319,0.8595849439399468,0.4408396692702198,0.7654973570398846,0.8455779577684446,0.0002593452941132,69.65502408300017,177.5MB,5.4GB,37.4GB,efficientnet_b1,20260601_004804
13,0.274510365258039,0.862615859938208,0.8601210687825485,0.4050896609992376,0.7443536761172513,0.8302937117836985,0.0002526820658893,69.68846441699861,177.5MB,5.4GB,37.4GB,efficientnet_b1,20260601_004804
14,0.2888754404106788,0.8553038105046344,0.8523072046996188,0.4133581308176287,0.7621335896203748,0.8429009682183521,0.0002456135984623,69.69778633299939,177.5MB,5.4GB,37.4GB,efficientnet_b1,20260601_004804
15,0.2789014647660123,0.8593202883625128,0.8598818938353342,0.396063641250735,0.7568476693897165,0.8389971348205277,0.0002381677878438,69.70149983399824,177.5MB,5.4GB,37.4GB,efficientnet_b1,20260601_004804
16,0.2784269907570278,0.8601441812564367,0.8594414014879747,0.4194753237322853,0.7679000480538203,0.8467014477177565,0.0002303740192468,71.07551691700064,177.5MB,5.4GB,37.4GB,efficientnet_b1,20260601_004804
17,0.2707887821045275,0.8658084449021627,0.8608750540533788,0.4230862922647834,0.7679000480538203,0.8466730168800612,0.0002222630511152,71.45232525000029,177.5MB,5.4GB,37.4GB,efficientnet_b1,20260601_004804
18,0.2732991426599995,0.8599382080329557,0.8615657501009761,0.4218612121367099,0.7679000480538203,0.8467987083297351,0.0002138668937347,70.53812424999705,177.5MB,5.4GB,37.4GB,efficientnet_b1,20260601_004804
19,0.2785868499846218,0.8573635427394438,0.8564901109091415,0.4100017778750854,0.7578087457952907,0.8392064600674005,0.0002052186829027,70.95626104199982,177.5MB,5.4GB,37.4GB,efficientnet_b1,20260601_004804
20,0.2616935679644929,0.8703398558187435,0.8647691803016744,0.439148646916752,0.7703027390677559,0.8485324923933328,0.0001963525491562,70.58957091699995,177.5MB,5.4GB,37.4GB,efficientnet_b1,20260601_004804
21,0.2717283803697226,0.8643666323377961,0.8631475481754391,0.4301845623804135,0.766938971648246,0.8462368146944423,0.0001873034830747,70.4912255829986,177.5MB,5.4GB,37.4GB,efficientnet_b1,20260601_004804
22,0.2685631010424342,0.8627188465499485,0.8623278169562677,0.428893366408772,0.758769822200865,0.8411010879978664,0.0001781071971878,70.44385004099968,177.5MB,5.4GB,37.4GB,efficientnet_b1,20260601_004804
23,0.2709793051933039,0.8614830072090628,0.8616874319107051,0.4186602496631096,0.7616530514175877,0.8430716295635117,0.0001687999850346,70.507412166,177.5MB,5.4GB,37.4GB,efficientnet_b1,20260601_004804
24,0.2709704877726204,0.8609680741503605,0.8586193108277542,0.4265422691008839,0.7621335896203748,0.8434328186260087,0.0001594185779293,70.45567850000225,177.5MB,5.4GB,37.4GB,efficientnet_b1,20260601_004804
25,0.2699293910321443,0.8643666323377961,0.8610044183687011,0.4214160743955807,0.7573282075925036,0.8399812038410428,0.00015,70.7278928329979,177.5MB,5.4GB,37.4GB,efficientnet_b1,20260601_004804
26,0.2650615372354535,0.8622039134912461,0.8601965812685671,0.4301976847682991,0.7376261412782317,0.8247334394618789,0.0001405814220706,70.49981454200315,177.5MB,5.4GB,37.4GB,efficientnet_b1,20260601_004804
27,0.2643672523979792,0.8632337796086509,0.8627348752239976,0.4305036152171034,0.7539644401729938,0.8366994463034194,0.0001312000149653,70.45541187499839,177.5MB,5.4GB,37.4GB,efficientnet_b1,20260601_004804
28,0.2595987048349223,0.8682801235839341,0.8675022672363449,0.4388386584829104,0.7659778952426718,0.8456672239471309,0.0001218928028121,70.4492276250021,177.5MB,5.4GB,37.4GB,efficientnet_b1,20260601_004804
29,0.2678181341376413,0.8613800205973223,0.8622107919749362,0.4281501497917597,0.7573282075925036,0.8394636822744238,0.0001126965169252,70.4321369169993,177.5MB,5.4GB,37.4GB,efficientnet_b1,20260601_004804
30,0.2537519064364546,0.8660144181256436,0.8628193827000075,0.4228526803806732,0.7453147525228255,0.8312523509712947,0.0001036474508437,70.48467595799957,177.5MB,5.4GB,37.4GB,efficientnet_b1,20260601_004804
31,0.2619903587042733,0.8682801235839341,0.8660781791209006,0.4364962730196907,0.7664584334454589,0.8457261075863663,9.478131709729836e-05,70.50704704199961,177.5MB,5.4GB,37.4GB,efficientnet_b1,20260601_004804
32,0.26462374220302,0.8606591143151391,0.8600021371870384,0.4357392340826908,0.7424315233061028,0.8295284219967455,8.61331062652391e-05,70.46518883300087,177.5MB,5.4GB,37.4GB,efficientnet_b1,20260601_004804
33,0.2658912421561908,0.8609680741503605,0.8645123624712241,0.4275532381457815,0.7481979817395483,0.8339758690603827,7.773694888474269e-05,70.4109180000014,177.5MB,5.4GB,37.4GB,efficientnet_b1,20260601_004804
34,0.2659965848548282,0.8650875386199794,0.8617539598160538,0.4273370534167274,0.7568476693897165,0.8396567997336343,6.962598075315047e-05,70.42926562499997,177.5MB,5.4GB,37.4GB,efficientnet_b1,20260601_004804
35,0.2618429973245772,0.8670442842430484,0.864282613187438,0.4327031654099442,0.7578087457952907,0.8403172514330071,6.183221215612905e-05,70.41706745899864,177.5MB,5.4GB,37.4GB,efficientnet_b1,20260601_004804
36,0.2598532365046127,0.8678681771369722,0.8663073035903505,0.4394654885958388,0.758769822200865,0.8407525062915968,5.438640153769654e-05,70.51263795799969,177.5MB,5.4GB,37.4GB,efficientnet_b1,20260601_004804
37,0.2525313754405838,0.8714727085478887,0.8674449222458526,0.4375729346034734,0.7534839019702066,0.8374414491977799,4.73179341106967e-05,70.51220170799934,177.5MB,5.4GB,37.4GB,efficientnet_b1,20260601_004804
38,0.2587286963736606,0.8697219361483007,0.8656189634092228,0.4384418662381481,0.7534839019702066,0.8372669298172606,4.0654705886788306e-05,70.49221979199865,177.5MB,5.4GB,37.4GB,efficientnet_b1,20260601_004804
39,0.2530058445449224,0.8677651905252317,0.8638845921599381,0.4366022256748542,0.7453147525228255,0.8317761687340933,3.4423013583631635e-05,70.51982908300124,177.5MB,5.4GB,37.4GB,efficientnet_b1,20260601_004804
40,0.2591928354129732,0.8692070030895983,0.865422442666516,0.4400501389563055,0.751081210956271,0.8359005175107326,2.86474508437579e-05,70.54540400000042,177.5MB,5.4GB,37.4GB,efficientnet_b1,20260601_004804
41,0.2507484961059386,0.8744593202883625,0.8725414927356816,0.4539659824123868,0.7496395963479097,0.8351729612813421,2.3350811174697777e-05,70.52510908300246,177.5MB,5.4GB,37.4GB,efficientnet_b1,20260601_004804
42,0.2622380673087343,0.8650875386199794,0.8651382973835734,0.4450234435373404,0.7457952907256127,0.8323038099441606,1.8553997993420465e-05,70.43850462500268,177.5MB,5.4GB,37.4GB,efficientnet_b1,20260601_004804
43,0.2610746258687531,0.8661174047373842,0.8649364905987122,0.4490055721118896,0.7438731379144642,0.8306306074667739,1.42759421300971e-05,70.45264187499924,177.5MB,5.4GB,37.4GB,efficientnet_b1,20260601_004804
44,0.2550807610783346,0.8720906282183316,0.8706192247127874,0.4556469640326236,0.751081210956271,0.8357967253521064,1.05335271167623e-05,70.42682299999797,177.5MB,5.4GB,37.4GB,efficientnet_b1,20260601_004804
45,0.2595518624162575,0.8660144181256436,0.8683675506188752,0.4459681689939723,0.7424315233061028,0.8297488476476467,7.341522555726972e-06,70.46318566699847,177.5MB,5.4GB,37.4GB,efficientnet_b1,20260601_004804
46,0.2504215404069018,0.8733264675592173,0.8697316631501139,0.4482312852347602,0.7443536761172513,0.831087109332604,4.712525830705356e-06,70.42558999999892,177.5MB,5.4GB,37.4GB,efficientnet_b1,20260601_004804
47,0.2643000597013381,0.8663233779608651,0.866801471645839,0.4528787847552833,0.7453147525228255,0.8315249564274003,2.656912390696692e-06,70.41433933300141,177.5MB,5.4GB,37.4GB,efficientnet_b1,20260601_004804
48,0.2563746882731096,0.8717816683831102,0.8707120864395708,0.4486968886216405,0.7486785199423354,0.8340755679783324,1.1827948028283352e-06,70.43222079100087,177.5MB,5.4GB,37.4GB,efficientnet_b1,20260601_004804
49,0.2546376612708816,0.8683831101956746,0.8656727004217892,0.4475996468515135,0.7443536761172513,0.831002582355077,2.959907357592662e-07,70.49015433299792,177.5MB,5.4GB,37.4GB,efficientnet_b1,20260601_004804
50,0.2572805292328894,0.8717816683831102,0.8665180132987513,0.4548281073742105,0.747236905333974,0.8329088819375497,0.0,70.44314766599928,177.5MB,5.4GB,37.4GB,efficientnet_b1,20260601_004804
1,0.9533761468594156,0.6505664263645726,0.6439390211696143,0.7315592666132871,0.6645843344545891,0.7296654636584526,0.0002997040092642,107.29941649999957,137.0MB,5.2GB,37.4GB,densenet121,20260601_114302
2,0.4440727528288239,0.8083419155509783,0.8056344952038647,0.5422070251526253,0.7289764536280634,0.810148066042776,0.0002988172051971,86.35885304199974,137.6MB,5.2GB,37.4GB,densenet121,20260601_114302
3,0.3768449594628307,0.8274974253347065,0.8247696856201844,0.4903067540715716,0.7501201345506968,0.8296841781329999,0.0002973430876093,88.73508625000022,137.6MB,5.2GB,37.4GB,densenet121,20260601_114302
4,0.3425417198948217,0.8368692070030896,0.8376014285750456,0.5200723533960331,0.7323402210475732,0.805728617960531,0.0002952874741692,86.6031567089999,137.6MB,5.2GB,37.4GB,densenet121,20260601_114302
5,0.3415165777677856,0.8357363542739444,0.8318493480742328,0.4783810797590066,0.7443536761172513,0.8229517346832612,0.0002926584774442,92.29894058300032,137.6MB,5.2GB,37.4GB,densenet121,20260601_114302
6,0.3139072210486713,0.8490216271884655,0.8451928406149125,0.4712187573349516,0.7501201345506968,0.8292507796308343,0.0002894664728832,98.65537708400008,137.6MB,5.2GB,37.4GB,densenet121,20260601_114302
7,0.3150192515243585,0.8441812564366632,0.8402499595843622,0.449894326916685,0.7554060547813551,0.834287742861549,0.0002857240578699,104.43426904100032,137.6MB,5.2GB,37.4GB,densenet121,20260601_114302
8,0.2990202893143334,0.8522142121524202,0.850352625526882,0.4721634121023652,0.751081210956271,0.8273522746644489,0.0002814460020065,97.90579870800002,137.6MB,5.2GB,37.4GB,densenet121,20260601_114302
9,0.326622097031525,0.8447991761071061,0.8451746846570808,0.4491386041224203,0.7477174435367612,0.82488361562403,0.0002766491888253,90.09413908399983,137.6MB,5.2GB,37.4GB,densenet121,20260601_114302
10,0.2976372782405692,0.8535530381050463,0.8525936147401243,0.4247511627867725,0.7645362806343105,0.8433808754219242,0.0002713525491562,86.87451624999994,137.6MB,5.2GB,37.4GB,densenet121,20260601_114302
11,0.2842250076000771,0.8545829042224511,0.8545731662885461,0.4503986597462149,0.7606919750120135,0.8410849443349764,0.0002655769864163,86.3665442079996,137.6MB,5.2GB,37.4GB,densenet121,20260601_114302
12,0.2910866625031531,0.8561277033985581,0.8559935637691731,0.4174051224068344,0.7530033637674195,0.837271603207624,0.0002593452941132,86.79410762499992,137.6MB,5.2GB,37.4GB,densenet121,20260601_114302
13,0.2795786579439741,0.858908341915551,0.8547457077751339,0.4177347698617245,0.7635752042287361,0.8441978897907751,0.0002526820658893,85.58866387499984,137.6MB,5.2GB,37.4GB,densenet121,20260601_114302
14,0.2943830012292989,0.8552008238928939,0.8493974129976585,0.5899801989806953,0.7116770783277271,0.7858213616547274,0.0002456135984623,84.81848600000012,137.6MB,5.2GB,37.4GB,densenet121,20260601_114302
15,0.3082838153311202,0.8511843460350155,0.8486250032491263,0.4330368380257855,0.7645362806343105,0.8444879972074957,0.0002381677878438,84.04748312499987,137.6MB,5.2GB,37.4GB,densenet121,20260601_114302
16,0.2585360104772506,0.870648815653965,0.863779860458076,0.4197512846449027,0.7683805862566074,0.8477012845677102,0.0002303740192468,83.89480608400027,137.6MB,5.2GB,37.4GB,densenet121,20260601_114302
17,0.2689416136765271,0.8612770339855819,0.8581474012057537,0.4273908180665763,0.7664584334454589,0.844452523270612,0.0002222630511152,83.69128891599985,137.6MB,5.2GB,37.4GB,densenet121,20260601_114302
18,0.2788661264673443,0.8598352214212153,0.857336308546377,0.4659786630226751,0.7539644401729938,0.8308579857256718,0.0002138668937347,83.39379970799973,137.6MB,5.3GB,37.4GB,densenet121,20260601_114302
19,0.2901674243835416,0.8587023686920701,0.8566677230263745,0.401743267431447,0.7530033637674195,0.837425565168001,0.0002052186829027,83.29292779199977,137.6MB,5.3GB,37.4GB,densenet121,20260601_114302
20,0.2626192490853192,0.8672502574665294,0.8640191420271986,0.4048232689950971,0.7563671311869293,0.8396472194272523,0.0001963525491562,83.18987841699982,137.6MB,5.3GB,37.4GB,densenet121,20260601_114302
21,0.2750222862257893,0.8621009268795057,0.8587898317928369,0.4070377732514762,0.7674195098510331,0.846904963315479,0.0001873034830747,83.36271058400007,137.6MB,5.2GB,37.4GB,densenet121,20260601_114302
22,0.2684275788946574,0.8670442842430484,0.8590355130631412,0.4227219957792089,0.7630946660259491,0.8425893913221802,0.0001781071971878,83.36686729199982,137.6MB,5.2GB,37.4GB,densenet121,20260601_114302
23,0.2912794864018103,0.8541709577754892,0.8565700506059647,0.4170426212784649,0.766938971648246,0.846624184181468,0.0001687999850346,83.5885270419999,137.6MB,5.2GB,37.4GB,densenet121,20260601_114302
24,0.270630398632078,0.8627188465499485,0.8621282685763713,0.4099538185343268,0.7578087457952907,0.8414041304283641,0.0001594185779293,83.36787950000053,137.6MB,5.2GB,37.4GB,densenet121,20260601_114302
25,0.268291712586838,0.858908341915551,0.8582675698963276,0.4058015211621825,0.7597308986064392,0.8417483574576621,0.00015,83.2975633749993,137.6MB,5.3GB,37.4GB,densenet121,20260601_114302
26,0.2668720736132837,0.8598352214212153,0.8595802612654113,0.4091819240919733,0.7462758289283998,0.8309084117901935,0.0001405814220706,82.9412092499997,137.6MB,5.3GB,37.4GB,densenet121,20260601_114302
27,0.2603487116485128,0.8662203913491247,0.8648260252487519,0.4153535903674487,0.7582892839980778,0.8412482536076582,0.0001312000149653,82.67764700000043,137.6MB,5.3GB,37.4GB,densenet121,20260601_114302
28,0.270556232827331,0.8650875386199794,0.863301056688801,0.4212054880922199,0.7582892839980778,0.8402791242200583,0.0001218928028121,83.21044983299998,137.6MB,5.2GB,37.4GB,densenet121,20260601_114302
29,0.2650669054455296,0.8632337796086509,0.8597288315905065,0.4265988471415225,0.7621335896203748,0.8425061819654114,0.0001126965169252,83.26213112499954,137.6MB,5.3GB,37.4GB,densenet121,20260601_114302
30,0.2572543647428005,0.8664263645726056,0.862449408043497,0.4213381631336551,0.746756367131187,0.8325469397523919,0.0001036474508437,83.29431870899953,137.6MB,5.2GB,37.4GB,densenet121,20260601_114302
31,0.2559395982909767,0.8711637487126673,0.8651237663674829,0.417142337701001,0.7616530514175877,0.8432571007623334,9.478131709729836e-05,83.30636891599988,137.6MB,5.2GB,37.4GB,densenet121,20260601_114302
32,0.2542185694992112,0.872399588053553,0.87353889971881,0.4232348981011321,0.7520422873618453,0.8368642602247669,8.61331062652391e-05,83.36144166699978,137.6MB,5.2GB,37.4GB,densenet121,20260601_114302
33,0.2685701515414319,0.860453141091658,0.8617786016167551,0.41588755375144,0.7385872176838059,0.8275713899917952,7.773694888474269e-05,83.56659791600032,137.6MB,5.2GB,37.4GB,densenet121,20260601_114302
34,0.2592896278314561,0.8676622039134912,0.8658634236734474,0.4258974855304738,0.754925516578568,0.8390199498044393,6.962598075315047e-05,85.0046438749996,137.6MB,5.2GB,37.4GB,densenet121,20260601_114302
35,0.2508651268684778,0.8714727085478887,0.8680103359760684,0.4318784940191211,0.7621335896203748,0.8435742318094355,6.183221215612905e-05,87.10192662500049,137.6MB,5.2GB,37.4GB,densenet121,20260601_114302
36,0.2545115032874961,0.8676622039134912,0.8625872501929407,0.4184252745483083,0.7491590581451225,0.8350805996648568,5.438640153769654e-05,87.94815691700023,137.6MB,5.2GB,37.4GB,densenet121,20260601_114302
37,0.2487182608225318,0.8717816683831102,0.8669493959966508,0.4310428568057748,0.7582892839980778,0.8414296128487733,4.73179341106967e-05,87.72380212499957,137.6MB,5.2GB,37.4GB,densenet121,20260601_114302
38,0.2532947286948117,0.8698249227600412,0.8652247641064482,0.4271405200039406,0.7400288322921672,0.828831396322464,4.0654705886788306e-05,87.6368992079997,137.6MB,5.2GB,37.4GB,densenet121,20260601_114302
39,0.2620188096985144,0.8662203913491247,0.8609288515936291,0.4297032912495845,0.7515617491590582,0.8363635815949813,3.4423013583631635e-05,88.91796929199973,137.6MB,5.2GB,37.4GB,densenet121,20260601_114302
40,0.2662125299261724,0.8584963954685891,0.8586894326667023,0.4278147838712597,0.7496395963479097,0.8351347570337996,2.86474508437579e-05,86.94289708399992,137.6MB,5.2GB,37.4GB,densenet121,20260601_114302
41,0.2645560107902689,0.8666323377960865,0.8651891731950776,0.4401163914809715,0.7592503604036521,0.8420309603281924,2.3350811174697777e-05,86.03361487500024,137.6MB,5.2GB,37.4GB,densenet121,20260601_114302
42,0.2566594690360689,0.8713697219361483,0.8661716139035991,0.4349899946755368,0.7558865929841423,0.839660058138319,1.8553997993420465e-05,86.35321737499999,137.6MB,5.2GB,37.4GB,densenet121,20260601_114302
43,0.2611004225380266,0.8657054582904222,0.8642088018754422,0.430250604727817,0.7534839019702066,0.8376404863419898,1.42759421300971e-05,88.24366233300043,137.6MB,5.2GB,37.4GB,densenet121,20260601_114302
44,0.2583637974381324,0.8669412976313079,0.863576684660868,0.4313160115168222,0.751081210956271,0.8360763618718873,1.05335271167623e-05,88.66024899999957,137.6MB,5.2GB,37.4GB,densenet121,20260601_114302
45,0.2509062874818606,0.8703398558187435,0.8678206592980556,0.4348167571409684,0.7515617491590582,0.8363740239502533,7.341522555726972e-06,88.38258033399961,137.6MB,5.2GB,37.4GB,densenet121,20260601_114302
46,0.257519568413895,0.8695159629248198,0.8654071969838694,0.4386258269948835,0.7539644401729938,0.8380135578817429,4.712525830705356e-06,88.1027629579994,137.6MB,5.2GB,37.4GB,densenet121,20260601_114302
47,0.2544625209301066,0.8722966014418125,0.8676835486394183,0.4367771982459252,0.7554060547813551,0.839123953525322,2.656912390696692e-06,88.10252058300011,137.6MB,5.2GB,37.4GB,densenet121,20260601_114302
48,0.2564456923368908,0.870648815653965,0.8653179728323227,0.4379047088357246,0.7539644401729938,0.8381890624785332,1.1827948028283352e-06,88.09831375000067,137.6MB,5.2GB,37.4GB,densenet121,20260601_114302
49,0.2508508322397909,0.8714727085478887,0.8645388034317923,0.4364271890309383,0.7544449783757808,0.8384842349328728,2.959907357592662e-07,88.10889629099984,137.6MB,5.2GB,37.4GB,densenet121,20260601_114302
50,0.2538427248827338,0.872811534500515,0.8724409772671297,0.4366508488297634,0.7530033637674195,0.8373216799909663,0.0,88.04171250000036,137.6MB,5.2GB,37.4GB,densenet121,20260601_114302
1,0.8983125511944355,0.6629248197734294,0.6573242029816736,0.6907345770872997,0.6895723209995195,0.7587785124400653,0.0002997040092642,105.83400058299958,263.2MB,6.4GB,37.4GB,densenet169,20260601_114302
2,0.4429415386626698,0.8130792996910402,0.8122047556351129,0.531935769998357,0.7318596828447862,0.81211727754466,0.0002988172051971,104.82514291700043,263.2MB,6.4GB,37.4GB,densenet169,20260601_114302
3,0.3766746139550921,0.8271884654994851,0.8244103141507704,0.5983860579206072,0.7203267659778952,0.7932117126629851,0.0002973430876093,105.18604087499988,263.2MB,6.4GB,37.4GB,densenet169,20260601_114302
4,0.3404749593516211,0.84346035015448,0.8405242680662851,0.5056069751217753,0.7409899086977415,0.81831270903745,0.0002952874741692,110.1883962920001,263.2MB,6.4GB,37.4GB,densenet169,20260601_114302
5,0.3438333964740702,0.8340885684860968,0.8322530603108974,0.4434001684074273,0.7554060547813551,0.8323635704417025,0.0002926584774442,101.81685933399967,263.2MB,6.4GB,37.4GB,densenet169,20260601_114302
6,0.2936147388051639,0.8554067971163749,0.8540495185190906,0.4205519332157081,0.7664584334454589,0.8434967779311994,0.0002894664728832,101.74159579200024,263.2MB,6.4GB,37.4GB,densenet169,20260601_114302
7,0.3341532449214023,0.8406797116374871,0.8425725278547054,0.5367503793751718,0.7318596828447862,0.8031280906579129,0.0002857240578699,120.8495387919993,263.2MB,6.4GB,37.4GB,densenet169,20260601_114302
8,0.3068613227314856,0.8473738414006179,0.8447352249372657,0.4644854709484553,0.7515617491590582,0.827932164248533,0.0002814460020065,102.47026758300036,263.2MB,6.4GB,37.4GB,densenet169,20260601_114302
9,0.295859760426591,0.853038105046344,0.8491651279245057,0.4682486565682476,0.7544449783757808,0.8309897029508272,0.0002766491888253,102.17020000000048,263.2MB,6.4GB,37.4GB,densenet169,20260601_114302
10,0.3054992144587847,0.8533470648815654,0.8511157952939676,0.4264247029919512,0.7650168188370976,0.8444475210829571,0.0002713525491562,102.0080752089998,263.2MB,6.4GB,37.4GB,densenet169,20260601_114302
11,0.2827354241534684,0.8605561277033985,0.8589866857796139,0.4349330912582694,0.7438731379144642,0.8230993076112145,0.0002655769864163,101.92692220800018,263.2MB,6.4GB,37.4GB,densenet169,20260601_114302
12,0.3105412693703825,0.8505664263645726,0.8479514313696571,0.4235654913537036,0.766938971648246,0.8447686187189526,0.0002593452941132,104.86751312499928,263.2MB,6.4GB,37.4GB,densenet169,20260601_114302
13,0.2698348665274258,0.8682801235839341,0.864963958208826,0.4190988947083777,0.7520422873618453,0.8349624670144496,0.0002526820658893,102.91834870799994,263.2MB,6.4GB,37.4GB,densenet169,20260601_114302
14,0.2700594756556588,0.8658084449021627,0.8597814648321643,0.4271028387552267,0.7674195098510331,0.8461012246970727,0.0002456135984623,102.36140191599952,263.2MB,6.4GB,37.4GB,densenet169,20260601_114302
15,0.2972308234991668,0.8513903192584964,0.8516962476758801,0.424571860329226,0.7573282075925036,0.8373725991974377,0.0002381677878438,101.62600612499956,263.2MB,6.4GB,37.4GB,densenet169,20260601_114302
16,0.2873313300395969,0.8572605561277034,0.8502005055361015,0.4259022982976346,0.7640557424315233,0.8436165100392304,0.0002303740192468,101.5422502500005,263.2MB,6.4GB,37.4GB,densenet169,20260601_114302
17,0.2787454517782655,0.8579814624098867,0.8558386051909703,0.4205296641929054,0.7558865929841423,0.8374254057901519,0.0002222630511152,110.30226824999954,263.2MB,6.4GB,37.4GB,densenet169,20260601_114302
18,0.269416199702804,0.8681771369721936,0.8640635668359292,0.4101742006218932,0.7674195098510331,0.8475427189395321,0.0002138668937347,101.75251829199988,263.2MB,6.4GB,37.4GB,densenet169,20260601_114302
19,0.2664002624341314,0.8631307929969104,0.856811402873277,0.4060870506109268,0.7650168188370976,0.8449298380724,0.0002052186829027,101.75312337499965,263.2MB,6.4GB,37.4GB,densenet169,20260601_114302
20,0.2867437591145139,0.8559217301750772,0.8542036876493836,0.44757908677207,0.7578087457952907,0.833316303375036,0.0001963525491562,101.5623556669998,263.2MB,6.4GB,37.4GB,densenet169,20260601_114302
21,0.2751117873940728,0.8622039134912461,0.8600230981355126,0.3977299718430614,0.7409899086977415,0.8240545721013955,0.0001873034830747,101.5479793329996,263.2MB,6.4GB,37.4GB,densenet169,20260601_114302
22,0.2679017044857037,0.8644696189495366,0.8645540158947327,0.4242010013464836,0.7679000480538203,0.8473589200667371,0.0001781071971878,101.61913749999984,263.2MB,6.4GB,37.4GB,densenet169,20260601_114302
23,0.2635915286171448,0.862821833161689,0.8585035638937059,0.4082581707916828,0.7554060547813551,0.8387248645287005,0.0001687999850346,101.56503195799996,263.2MB,6.4GB,37.4GB,densenet169,20260601_114302
24,0.2678744748557019,0.8637487126673532,0.8600204925287869,0.4099751738101917,0.7597308986064392,0.8420849613942041,0.0001594185779293,101.56088770799944,263.2MB,6.4GB,37.4GB,densenet169,20260601_114302
25,0.2707819477598404,0.8602471678681771,0.862014091592854,0.411980102435721,0.7573282075925036,0.84087042046306,0.00015,101.4311809160008,263.2MB,6.4GB,37.4GB,densenet169,20260601_114302
26,0.2754600342037012,0.8619979402677652,0.8610455346142086,0.4360296760311154,0.7602114368092263,0.8416185256301781,0.0001405814220706,100.93002716599948,263.2MB,6.4GB,37.4GB,densenet169,20260601_114302
27,0.2717152217911397,0.8591143151390319,0.8583034989992915,0.4130208910456762,0.7539644401729938,0.8381337565410373,0.0001312000149653,100.89666520900028,263.2MB,6.4GB,37.4GB,densenet169,20260601_114302
28,0.2646913850221526,0.8697219361483007,0.8661113927377431,0.4240203834622597,0.7664584334454589,0.8458340866926515,0.0001218928028121,100.94066991699948,263.2MB,6.4GB,37.4GB,densenet169,20260601_114302
29,0.2675668580156399,0.8646755921730175,0.8622243424445971,0.4131505098381849,0.7544449783757808,0.8387456548832479,0.0001126965169252,100.9314125839992,263.2MB,6.4GB,37.4GB,densenet169,20260601_114302
30,0.265635871733745,0.866529351184346,0.8659147484899065,0.418536900643372,0.7616530514175877,0.8431815019874254,0.0001036474508437,100.914404000001,263.2MB,6.4GB,37.4GB,densenet169,20260601_114302
31,0.2615135490587393,0.866735324407827,0.8636007069391932,0.4149278300075448,0.7616530514175877,0.8432339944055757,9.478131709729836e-05,101.67618645899891,263.2MB,6.4GB,37.4GB,densenet169,20260601_114302
32,0.27363941108407,0.8588053553038105,0.8597695326046514,0.4317974551602775,0.7621335896203748,0.843599740723825,8.61331062652391e-05,101.52232204200118,263.2MB,6.4GB,37.4GB,densenet169,20260601_114302
33,0.2628728875784869,0.8659114315139032,0.8602466931194979,0.4220923620425182,0.762614127823162,0.8441591639732254,7.773694888474269e-05,101.5280332500006,263.2MB,6.4GB,37.4GB,densenet169,20260601_114302
34,0.2622777676453428,0.8656024716786818,0.8645854801327725,0.4202013634134519,0.7602114368092263,0.8422998191218322,6.962598075315047e-05,101.53061904199969,263.2MB,6.4GB,37.4GB,densenet169,20260601_114302
35,0.2588405949079904,0.8664263645726056,0.8609764193054901,0.4151091078392076,0.751081210956271,0.8358471514291864,6.183221215612905e-05,101.56679737499871,263.2MB,6.4GB,37.4GB,densenet169,20260601_114302
36,0.2513309159221168,0.8684860968074151,0.8652809525263444,0.4181329966278846,0.74291206150889,0.8313120679993219,5.438640153769654e-05,101.699073374999,263.2MB,6.4GB,37.4GB,densenet169,20260601_114302
37,0.2575611342730655,0.8661174047373842,0.8632448734508594,0.4277420633690452,0.7496395963479097,0.8350899817610545,4.73179341106967e-05,101.6707657499992,263.2MB,6.4GB,37.4GB,densenet169,20260601_114302
38,0.2491595658411326,0.8744593202883625,0.8692111233364251,0.4287611499020596,0.7501201345506968,0.8359162433434407,4.0654705886788306e-05,101.43224066600123,263.2MB,6.4GB,37.4GB,densenet169,20260601_114302
39,0.2581454607994745,0.868692070030896,0.8646199436813264,0.4292112972116539,0.7558865929841423,0.8395370066015029,3.4423013583631635e-05,101.00887112500097,263.2MB,6.4GB,37.4GB,densenet169,20260601_114302
40,0.2506035846643664,0.8735324407826982,0.8690312156156766,0.4262609606405567,0.7525228255646323,0.8371115559641253,2.86474508437579e-05,100.89089500000046,263.2MB,6.4GB,37.4GB,densenet169,20260601_114302
41,0.2560391905133437,0.8674562306900103,0.8660988527400318,0.4295177765330232,0.7534839019702066,0.837910976308079,2.3350811174697777e-05,101.23207924999952,263.2MB,6.4GB,37.4GB,densenet169,20260601_114302
42,0.2475330977128045,0.8751802265705458,0.8694604240735756,0.438236683936488,0.751081210956271,0.8359804562000548,1.8553997993420465e-05,101.548235708,263.2MB,6.4GB,37.4GB,densenet169,20260601_114302
43,0.2650372798484582,0.8658084449021627,0.8632092211589192,0.4343303101157867,0.7544449783757808,0.8387102561847117,1.42759421300971e-05,101.53766737499971,263.2MB,6.4GB,37.4GB,densenet169,20260601_114302
44,0.2559684372525259,0.8695159629248198,0.8676076457649642,0.4352225448465416,0.7568476693897165,0.8402672612583495,1.05335271167623e-05,101.56401583400113,263.2MB,6.4GB,37.4GB,densenet169,20260601_114302
45,0.2561519645576496,0.864984552008239,0.8640482478495267,0.4312318262430637,0.7506006727534839,0.8359329978422623,7.341522555726972e-06,101.5551380830002,263.2MB,6.4GB,37.4GB,densenet169,20260601_114302
46,0.2534755241428909,0.8700308959835221,0.8659749648346967,0.431074129223308,0.7491590581451225,0.8346518033946645,4.712525830705356e-06,101.54277204200116,263.2MB,6.4GB,37.4GB,densenet169,20260601_114302
47,0.2551666560021721,0.8707518022657055,0.8717394641190096,0.4342381019308153,0.7573282075925036,0.8401939842236803,2.656912390696692e-06,101.5309801250005,263.2MB,6.4GB,37.4GB,densenet169,20260601_114302
48,0.2520043774994223,0.8707518022657055,0.8654707766285351,0.4367770312326221,0.754925516578568,0.83863445200019,1.1827948028283352e-06,101.5402138749996,263.2MB,6.4GB,37.4GB,densenet169,20260601_114302
49,0.2483080810885473,0.874356333676622,0.8697253272561103,0.4355373087839001,0.7563671311869293,0.8397010026104859,2.959907357592662e-07,101.55663633299991,263.2MB,6.4GB,37.4GB,densenet169,20260601_114302
50,0.256146327787521,0.8685890834191555,0.8673868838328308,0.434603100668519,0.7563671311869293,0.8396853862986586,0.0,101.53757524999855,263.2MB,6.4GB,37.4GB,densenet169,20260601_114302
1,0.9271480540107134,0.6515962924819774,0.6455606672699746,0.7969210143274896,0.6525708793849111,0.7036250268229911,0.0002997040092642,28.514813499999946,182.3MB,6.5GB,37.4GB,resnet18,20260601_114302
2,0.4408715504328082,0.8056642636457261,0.8035745503679933,0.537067420089663,0.739067755886593,0.8046303434126475,0.0002988172051971,28.4784631249986,182.3MB,6.5GB,37.4GB,resnet18,20260601_114302
3,0.3641901812150721,0.8289392378990731,0.8299295504662506,0.5062982088553682,0.7198462277751081,0.7930052679016215,0.0002973430876093,28.416469042000244,182.3MB,6.5GB,37.4GB,resnet18,20260601_114302
4,0.3326557898558254,0.8443872296601442,0.8423432296808299,0.474766855054266,0.7496395963479097,0.8265904408771872,0.0002952874741692,28.26791879099983,182.3MB,6.5GB,37.4GB,resnet18,20260601_114302
5,0.3550989751068129,0.8369721936148301,0.8377674772843924,0.5912937847311138,0.7236905333974051,0.7951517365796081,0.0002926584774442,28.32265550000011,182.3MB,6.5GB,37.4GB,resnet18,20260601_114302
6,0.337144760525067,0.8418125643666323,0.8403848028523844,0.4406280997909645,0.7597308986064392,0.8397864348692538,0.0002894664728832,28.45002908400056,182.3MB,6.5GB,37.4GB,resnet18,20260601_114302
7,0.2828273696892048,0.8632337796086509,0.8610243839510444,0.4278214220414077,0.7496395963479097,0.8305828178447554,0.0002857240578699,28.318141249999822,182.3MB,6.5GB,37.4GB,resnet18,20260601_114302
8,0.2863377893805872,0.8545829042224511,0.8567057922050121,0.4105647763972211,0.7568476693897165,0.839144540935402,0.0002814460020065,28.4259557080004,182.3MB,6.5GB,37.4GB,resnet18,20260601_114302
9,0.2983121456311733,0.8559217301750772,0.8488733357016867,0.5361482531104392,0.7318596828447862,0.8109887700788594,0.0002766491888253,28.52684383399901,182.3MB,6.5GB,37.4GB,resnet18,20260601_114302
10,0.3242269265234286,0.8474768280123584,0.8466449339147608,0.4446014053600445,0.762614127823162,0.8388720997056708,0.0002713525491562,28.58865308300119,182.3MB,6.5GB,37.4GB,resnet18,20260601_114302
11,0.2885529911634728,0.8613800205973223,0.8558379153884641,0.4247056890542205,0.758769822200865,0.8402195171535616,0.0002655769864163,28.65562908299944,182.3MB,6.5GB,37.4GB,resnet18,20260601_114302
12,0.2831335759924074,0.8564366632337796,0.8589503875015114,0.3973839029505068,0.7520422873618453,0.835540577166886,0.0002593452941132,28.692870875000153,182.3MB,6.5GB,37.4GB,resnet18,20260601_114302
13,0.2714774761705762,0.8651905252317199,0.8624274552634048,0.4189128965382848,0.766938971648246,0.8463463565461065,0.0002526820658893,28.7278203750011,182.3MB,6.5GB,37.4GB,resnet18,20260601_114302
14,0.2758483565123761,0.8578784757981462,0.8575633216145118,0.4212943178309322,0.7664584334454589,0.8456505925416362,0.0002456135984623,28.741418457999316,182.3MB,6.5GB,37.4GB,resnet18,20260601_114302
15,0.3039139497476552,0.8516992790937178,0.8505272956673813,0.5103957209949136,0.7357039884670832,0.8095289601362764,0.0002381677878438,28.767902707999383,182.3MB,6.5GB,37.4GB,resnet18,20260601_114302
16,0.3078757057428728,0.8526261585993821,0.8499600567593099,0.4212996606813033,0.7688611244593945,0.8469719268432028,0.0002303740192468,28.801226583000243,182.3MB,6.5GB,37.4GB,resnet18,20260601_114302
17,0.2798966386659506,0.8593202883625128,0.8602997123521566,0.4211485266169924,0.7703027390677559,0.8485603057759097,0.0002222630511152,28.81548245799968,182.3MB,6.5GB,37.4GB,resnet18,20260601_114302
18,0.2651654635994368,0.8671472708547889,0.867233984816464,0.4209879070219657,0.7683805862566074,0.8473929462695418,0.0002138668937347,28.822406375000355,182.3MB,6.5GB,37.4GB,resnet18,20260601_114302
19,0.2762671312576219,0.8557157569515963,0.8526118030062487,0.4049973629633432,0.7654973570398846,0.8454411283842247,0.0002052186829027,28.84312920800039,182.3MB,6.5GB,37.4GB,resnet18,20260601_114302
20,0.2631992946047984,0.866529351184346,0.8626101834844191,0.3948749250256631,0.762614127823162,0.8440921298843195,0.0001963525491562,28.81113000000005,182.3MB,6.5GB,37.4GB,resnet18,20260601_114302
21,0.2702017548646543,0.8599382080329557,0.8571421268381796,0.4224186104286868,0.7568476693897165,0.8369804416586627,0.0001873034830747,28.80372266699851,182.3MB,6.5GB,37.4GB,resnet18,20260601_114302
22,0.2746098713483181,0.8635427394438723,0.8605808853237125,0.4077592423075612,0.7664584334454589,0.8460391503332853,0.0001781071971878,28.814050540999233,182.3MB,6.5GB,37.4GB,resnet18,20260601_114302
23,0.2745743968828085,0.86302780638517,0.8615358700954479,0.4306072259911661,0.7611725132148006,0.8419339104508986,0.0001687999850346,28.84025041700079,182.3MB,6.5GB,37.4GB,resnet18,20260601_114302
24,0.2636419348779348,0.8713697219361483,0.8658156093671019,0.4193475859374853,0.7683805862566074,0.8478879009323642,0.0001594185779293,28.816159541998783,182.3MB,6.5GB,37.4GB,resnet18,20260601_114302
25,0.2552416902369254,0.8708547888774459,0.8673051843243683,0.4155577833064756,0.7616530514175877,0.8432120165472924,0.00015,28.794930416999705,182.3MB,6.5GB,37.4GB,resnet18,20260601_114302
26,0.2676829461273032,0.8633367662203913,0.8627574877146638,0.4106671339557011,0.7573282075925036,0.8398854787941477,0.0001405814220706,28.789718832998915,182.3MB,6.5GB,37.4GB,resnet18,20260601_114302
27,0.2616513898578903,0.8663233779608651,0.8641364232435034,0.4117459715243316,0.7534839019702066,0.8380582864421011,0.0001312000149653,28.806501667000703,182.3MB,6.5GB,37.4GB,resnet18,20260601_114302
28,0.252161591186214,0.8748712667353244,0.8665308078215539,0.4206919096685956,0.766938971648246,0.8469042262693768,0.0001218928028121,28.791011750001417,182.3MB,6.5GB,37.4GB,resnet18,20260601_114302
29,0.2638495401177175,0.8636457260556127,0.8652771398118789,0.414477583423708,0.7592503604036521,0.8418331854133013,0.0001126965169252,29.403439540999894,182.3MB,6.5GB,37.4GB,resnet18,20260601_114302
30,0.2546910801489984,0.8718846549948507,0.86862571134337,0.4269929643092048,0.7693416626621816,0.8485690755387556,0.0001036474508437,29.135085249999975,182.3MB,6.5GB,37.4GB,resnet18,20260601_114302
31,0.2596324097936787,0.8634397528321318,0.8602993358957901,0.4246554932360578,0.7597308986064392,0.8424334265564325,9.478131709729836e-05,29.16948962500101,182.3MB,6.5GB,37.4GB,resnet18,20260601_114302
32,0.2541619298939356,0.870648815653965,0.8657471509947794,0.4208673713643753,0.7616530514175877,0.8427840697754874,8.61331062652391e-05,29.19812945800004,182.3MB,6.5GB,37.4GB,resnet18,20260601_114302
33,0.2664085959092964,0.8618949536560248,0.8633117194895391,0.4252087379063281,0.7650168188370976,0.8455274014141403,7.773694888474269e-05,29.232712666000225,182.3MB,6.5GB,37.4GB,resnet18,20260601_114302
34,0.2589311720229815,0.8654994850669413,0.8660740650075035,0.4167400704216121,0.7578087457952907,0.8410204475243859,6.962598075315047e-05,29.23208487500051,182.3MB,6.5GB,37.4GB,resnet18,20260601_114302
35,0.260281896124662,0.866735324407827,0.8605140627351648,0.4257874216728632,0.7674195098510331,0.847435920503664,6.183221215612905e-05,29.299932707999687,182.3MB,6.5GB,37.4GB,resnet18,20260601_114302
36,0.2531389633548493,0.872399588053553,0.8692864366083197,0.4158987612004809,0.7616530514175877,0.843865792197291,5.438640153769654e-05,29.3331249999992,182.3MB,6.5GB,37.4GB,resnet18,20260601_114302
37,0.2505689002274239,0.8703398558187435,0.8640544063344355,0.4294897299555275,0.7630946660259491,0.8444406957564853,4.73179341106967e-05,29.4286310410007,182.3MB,6.5GB,37.4GB,resnet18,20260601_114302
38,0.2637202637868595,0.8616889804325437,0.8608870681067597,0.4242364022091339,0.7597308986064392,0.8428016619137257,4.0654705886788306e-05,29.407158583000637,182.3MB,6.5GB,37.4GB,resnet18,20260601_114302
39,0.2550446646834746,0.8683831101956746,0.8663706135325602,0.4336936507930783,0.7597308986064392,0.842564113056017,3.4423013583631635e-05,29.39206345799903,182.3MB,6.5GB,37.4GB,resnet18,20260601_114302
40,0.2597787424170025,0.864984552008239,0.8647349434122279,0.4244791295366869,0.743392599711677,0.8312490587619894,2.86474508437579e-05,29.398083416999725,182.3MB,6.5GB,37.4GB,resnet18,20260601_114302
41,0.2613974891810167,0.8648815653964984,0.8652140570449433,0.4282606440573458,0.7424315233061028,0.8306781101141805,2.3350811174697777e-05,29.42051533400081,182.3MB,6.5GB,37.4GB,resnet18,20260601_114302
42,0.2618747287964109,0.8624098867147271,0.8603708516079008,0.4254376167921078,0.747236905333974,0.8335121458694907,1.8553997993420465e-05,29.4285342080002,182.3MB,6.5GB,37.4GB,resnet18,20260601_114302
43,0.2556972720718776,0.8707518022657055,0.8679605065344888,0.4265269180549446,0.7578087457952907,0.841172366215451,1.42759421300971e-05,29.392104542001107,182.3MB,6.5GB,37.4GB,resnet18,20260601_114302
44,0.2492873979952996,0.8690010298661174,0.8633132789340644,0.4235638892461565,0.751081210956271,0.8362397506844178,1.05335271167623e-05,29.416397834000236,182.3MB,6.5GB,37.4GB,resnet18,20260601_114302
45,0.2627732580472033,0.8659114315139032,0.8668870105251155,0.4292899579282336,0.7544449783757808,0.8389610235937578,7.341522555726972e-06,29.417234042000928,182.3MB,6.5GB,37.4GB,resnet18,20260601_114302
46,0.2609122105042549,0.8639546858908342,0.8589140566911624,0.4300316557868177,0.7558865929841423,0.8398526352903943,4.712525830705356e-06,29.408256959000937,182.3MB,6.5GB,37.4GB,resnet18,20260601_114302
47,0.258172415655747,0.8683831101956746,0.8644360116663927,0.4312672112665172,0.7563671311869293,0.8404513262901063,2.656912390696692e-06,29.398839708001105,182.3MB,6.5GB,37.4GB,resnet18,20260601_114302
48,0.2570330791720155,0.8680741503604531,0.8675892687348159,0.4330556067579472,0.7563671311869293,0.8403526758907925,1.1827948028283352e-06,29.418434166000225,182.3MB,6.5GB,37.4GB,resnet18,20260601_114302
49,0.2517055418660786,0.8698249227600412,0.8662082522066452,0.4304764497629557,0.7558865929841423,0.8400225438858135,2.959907357592662e-07,29.414388666999,182.3MB,6.5GB,37.4GB,resnet18,20260601_114302
50,0.2593399662497606,0.866529351184346,0.8666980553445364,0.4310480584209209,0.7558865929841423,0.8401036642101979,0.0,29.398823249999623,182.3MB,6.5GB,37.4GB,resnet18,20260601_114302
1,1.0286728419187017,0.6185375901132852,0.6110573560159982,1.0327595828073293,0.5997116770783277,0.6627665071177854,0.0002997040092642,46.46903241700056,372.6MB,6.5GB,37.4GB,resnet34,20260601_114302
2,0.5083347429330514,0.7857878475798146,0.7802790766152781,0.5940626649430369,0.707352234502643,0.7804886538035251,0.0002988172051971,46.32663474999936,372.6MB,6.5GB,37.4GB,resnet34,20260601_114302
3,0.4031417220922995,0.8204943357363542,0.8195298095698571,0.5938019197700919,0.7198462277751081,0.7910990440780636,0.0002973430876093,46.496171999999206,372.6MB,6.5GB,37.4GB,resnet34,20260601_114302
4,0.3824477979992003,0.8184346035015448,0.8228873049265127,0.4954895618040936,0.7457952907256127,0.8234128352088469,0.0002952874741692,46.3499335000015,372.6MB,6.5GB,37.4GB,resnet34,20260601_114302
5,0.3510119424912269,0.8321318228630278,0.83492541240782,0.4289046094602028,0.7606919750120135,0.8419787770952009,0.0002926584774442,46.34827595800016,372.6MB,6.5GB,37.4GB,resnet34,20260601_114302
6,0.3451444218811856,0.8320288362512873,0.8287453895464855,0.4649849917268822,0.7457952907256127,0.816817743409669,0.0002894664728832,46.37082224999904,372.6MB,6.5GB,37.4GB,resnet34,20260601_114302
7,0.3328736532667515,0.8454170957775489,0.8399305960151877,0.4683111884283481,0.7534839019702066,0.8299288382360286,0.0002857240578699,46.36525454100047,372.6MB,6.5GB,37.4GB,resnet34,20260601_114302
8,0.3032045244249821,0.8473738414006179,0.8479473065300387,0.471648453119453,0.7554060547813551,0.8322100403770984,0.0002814460020065,46.40222333300153,372.6MB,6.5GB,37.4GB,resnet34,20260601_114302
9,0.3185450061772069,0.8479917610710608,0.8448700042492518,0.460341978307987,0.743392599711677,0.8233747611625416,0.0002766491888253,46.72346541600018,372.6MB,6.5GB,37.4GB,resnet34,20260601_114302
10,0.2946236514345379,0.8534500514933059,0.8532839267564144,0.4321360893400743,0.7664584334454589,0.8446212228688934,0.0002713525491562,46.78698741699918,372.6MB,6.5GB,37.4GB,resnet34,20260601_114302
11,0.3077000619653693,0.8488156539649846,0.8501294747905203,0.6132463568509169,0.7092743873137914,0.7787610461314337,0.0002655769864163,46.84637679200023,372.6MB,6.5GB,37.4GB,resnet34,20260601_114302
12,0.3258548736572265,0.8423274974253347,0.83887442558698,0.4415319173855028,0.7486785199423354,0.8223870345693851,0.0002593452941132,46.95553225000003,372.6MB,6.5GB,37.4GB,resnet34,20260601_114302
13,0.2906585390732291,0.8560247167868177,0.8521873616184832,0.4236703937670062,0.7693416626621816,0.8478526794917296,0.0002526820658893,47.12544125000022,372.6MB,6.5GB,37.4GB,resnet34,20260601_114302
14,0.2913560112644788,0.8552008238928939,0.8550661847951848,0.4333305775918736,0.7650168188370976,0.8430825407331194,0.0002456135984623,46.86370291700041,372.6MB,6.5GB,37.4GB,resnet34,20260601_114302
15,0.2951293126070904,0.8493305870236869,0.8493031072687632,0.4013967191525688,0.7568476693897165,0.8392445112011421,0.0002381677878438,46.84832191700116,372.6MB,6.5GB,37.4GB,resnet34,20260601_114302
16,0.2755478027736122,0.8590113285272915,0.8582319169893226,0.4042258233705545,0.7606919750120135,0.8412776390874932,0.0002303740192468,46.62779308400059,372.6MB,6.5GB,37.4GB,resnet34,20260601_114302
17,0.296440916062629,0.8518022657054583,0.8461141165216196,0.4056925632986869,0.7568476693897165,0.8387071041628321,0.0002222630511152,46.29096845799904,372.6MB,6.5GB,37.4GB,resnet34,20260601_114302
18,0.2927870727776253,0.8543769309989702,0.8543015720452705,0.4237771418906931,0.7539644401729938,0.8356988043300216,0.0002138668937347,46.6892294169993,372.6MB,6.5GB,37.4GB,resnet34,20260601_114302
19,0.2843084329679746,0.8618949536560248,0.8570209181537322,0.4545462308796136,0.762614127823162,0.8402559870202542,0.0002052186829027,46.612541333999616,372.6MB,6.5GB,37.4GB,resnet34,20260601_114302
20,0.2794081651771596,0.8568486096807415,0.8561402656453452,0.4029266234202662,0.7409899086977415,0.8197510483666369,0.0001963525491562,46.62191079200056,372.6MB,6.5GB,37.4GB,resnet34,20260601_114302
21,0.2635371045521187,0.8639546858908342,0.8593764181054679,0.4352130533582256,0.7530033637674195,0.8330024713274541,0.0001873034830747,46.59703720899961,372.6MB,6.5GB,37.4GB,resnet34,20260601_114302
22,0.2790953576564788,0.8639546858908342,0.8601555545344747,0.4160702490909692,0.7496395963479097,0.8346008569378787,0.0001781071971878,46.592369457999666,372.6MB,6.5GB,37.4GB,resnet34,20260601_114302
23,0.2683798611286863,0.8650875386199794,0.8637105854766245,0.4167982605659635,0.7650168188370976,0.8451892818754279,0.0001687999850346,46.58811991699986,372.6MB,6.5GB,37.4GB,resnet34,20260601_114302
24,0.2594380228760068,0.8673532440782699,0.8655467593907809,0.4126471898579815,0.7630946660259491,0.8441723349279158,0.0001594185779293,46.61854383299942,372.6MB,6.5GB,37.4GB,resnet34,20260601_114302
25,0.2678260345046478,0.8658084449021627,0.8619515606231345,0.4091995167422901,0.7659778952426718,0.846194077639982,0.00015,46.56721008400018,372.6MB,6.5GB,37.4GB,resnet34,20260601_114302
26,0.2654887954649793,0.866529351184346,0.8617581078326148,0.4019990987585233,0.7486785199423354,0.8342245887035011,0.0001405814220706,46.5304565410006,372.6MB,6.5GB,37.4GB,resnet34,20260601_114302
27,0.2576226713114737,0.870648815653965,0.8683544345576752,0.4228778813447819,0.7679000480538203,0.8472116894718158,0.0001312000149653,46.5307532909992,372.6MB,6.5GB,37.4GB,resnet34,20260601_114302
28,0.2592600815525196,0.8687950566426365,0.8683313869038395,0.4118095571922603,0.7573282075925036,0.8410581131041222,0.0001218928028121,46.53829054200105,372.6MB,6.5GB,37.4GB,resnet34,20260601_114302
29,0.2681301988055114,0.8627188465499485,0.8605557091144287,0.4149443964325768,0.7611725132148006,0.8432484114160966,0.0001126965169252,46.528053291000106,372.6MB,6.5GB,37.4GB,resnet34,20260601_114302
30,0.257110893830703,0.8693099897013389,0.8633852159347515,0.4186316762676266,0.7462758289283998,0.8310584104641721,0.0001036474508437,46.55870337499982,372.6MB,6.5GB,37.4GB,resnet34,20260601_114302
31,0.2604594054723007,0.8662203913491247,0.8633745422720125,0.4209845739737661,0.7611725132148006,0.8431847811124675,9.478131709729836e-05,46.470385124999666,372.6MB,6.5GB,37.4GB,resnet34,20260601_114302
32,0.2601626219390963,0.8681771369721936,0.865747311064195,0.4126263430976684,0.7568476693897165,0.8399901981436627,8.61331062652391e-05,46.18020808399888,372.6MB,6.5GB,37.4GB,resnet34,20260601_114302
33,0.2654040151104008,0.8632337796086509,0.8621399986118478,0.4156069564796422,0.7539644401729938,0.8378329631977803,7.773694888474269e-05,46.11768200000006,372.6MB,6.5GB,37.4GB,resnet34,20260601_114302
34,0.2529589581870148,0.8677651905252317,0.8623652447439824,0.4090469599285703,0.7578087457952907,0.8408186231115855,6.962598075315047e-05,46.06462262500099,372.6MB,6.5GB,37.4GB,resnet34,20260601_114302
35,0.2669952107814018,0.8634397528321318,0.8625668170934558,0.4156160912280012,0.7640557424315233,0.8453155946610832,6.183221215612905e-05,46.082127124998806,372.6MB,6.5GB,37.4GB,resnet34,20260601_114302
36,0.2654725186181486,0.8650875386199794,0.8644729972894138,0.4282745952963657,0.7659778952426718,0.8463208789095178,5.438640153769654e-05,46.08393766700101,372.6MB,6.5GB,37.4GB,resnet34,20260601_114302
37,0.2606745243379433,0.8660144181256436,0.8639167295685941,0.4221673698622352,0.762614127823162,0.8441347973830242,4.73179341106967e-05,46.07951345800029,372.6MB,6.5GB,37.4GB,resnet34,20260601_114302
38,0.2581649917376397,0.8685890834191555,0.8662831836603057,0.4177868616575235,0.7578087457952907,0.8408795946860086,4.0654705886788306e-05,46.28285120799955,372.6MB,6.5GB,37.4GB,resnet34,20260601_114302
39,0.2588903780086647,0.868692070030896,0.868637108049151,0.4218454212594754,0.7568476693897165,0.8397803474984733,3.4423013583631635e-05,46.88762845899873,372.6MB,6.5GB,37.4GB,resnet34,20260601_114302
40,0.2675523591274827,0.8631307929969104,0.8622336947589027,0.4257400289915434,0.7501201345506968,0.8352759533463217,2.86474508437579e-05,46.36447266700088,372.6MB,6.5GB,37.4GB,resnet34,20260601_114302
41,0.2539944377882228,0.8720906282183316,0.8684642111090803,0.4308934411654273,0.7544449783757808,0.8383063446787458,2.3350811174697777e-05,46.35468241600029,372.6MB,6.5GB,37.4GB,resnet34,20260601_114302
42,0.2523196194554947,0.8727085478887745,0.8687478385751877,0.434788435740519,0.7592503604036521,0.841718689740048,1.8553997993420465e-05,46.651212875000056,372.6MB,6.5GB,37.4GB,resnet34,20260601_114302
43,0.2548973813392107,0.8682801235839341,0.8675560897085655,0.4282872579179091,0.7424315233061028,0.8300914718002148,1.42759421300971e-05,47.299460416999864,372.6MB,6.5GB,37.4GB,resnet34,20260601_114302
44,0.2585599681314552,0.8662203913491247,0.8652740710667419,0.4327495487076568,0.7448342143200385,0.8318683461127013,1.05335271167623e-05,47.54810158300097,372.6MB,6.5GB,37.4GB,resnet34,20260601_114302
45,0.2494336687573198,0.8759011328527292,0.8711703330636326,0.4355788372102578,0.751081210956271,0.8362743046439927,7.341522555726972e-06,47.73445541699948,372.6MB,6.5GB,37.4GB,resnet34,20260601_114302
46,0.255136840126787,0.8688980432543769,0.8668083731990581,0.4318188731627989,0.7409899086977415,0.82907681011225,4.712525830705356e-06,47.92472712500057,372.6MB,6.5GB,37.4GB,resnet34,20260601_114302
47,0.2573673988100675,0.8680741503604531,0.8687951687754161,0.4328192952216559,0.747236905333974,0.8333404964989658,2.656912390696692e-06,48.08134216700091,372.6MB,6.5GB,37.4GB,resnet34,20260601_114302
48,0.251207128311023,0.872605561277034,0.8697729437322864,0.4327318208656421,0.7477174435367612,0.8339521686468742,1.1827948028283352e-06,48.22856216599939,372.6MB,6.5GB,37.4GB,resnet34,20260601_114302
49,0.2502444400730407,0.8695159629248198,0.8664974163865152,0.4306794348558172,0.7477174435367612,0.8340397518833007,2.959907357592662e-07,48.34153316700031,372.6MB,6.5GB,37.4GB,resnet34,20260601_114302
50,0.2575630126450015,0.8700308959835221,0.8648878894804235,0.43162516651676,0.7481979817395483,0.834339078607207,0.0,48.43649637499948,372.6MB,6.5GB,37.4GB,resnet34,20260601_114302
1,2.082708997633135,0.2070030895983522,0.1888582973245933,1.9248542729505609,0.2638154733301297,0.2392266602249056,0.0002997040092642,13.747125875001077,13.4MB,6.5GB,37.4GB,squeezenet1_1,20260601_114302
2,1.7019765522158354,0.3781668383110195,0.3635607539539395,1.5899092932265289,0.3618452666987025,0.3706754118584123,0.0002988172051971,12.745184125000378,13.4MB,6.5GB,37.4GB,squeezenet1_1,20260601_114302
3,1.3307582026652525,0.5066941297631308,0.4945047509884038,1.2974972053538831,0.4887073522345026,0.52608361268978,0.0002973430876093,12.77984270900015,13.4MB,6.5GB,37.4GB,squeezenet1_1,20260601_114302
4,1.0140421679533105,0.6219361483007209,0.6161993564394336,1.1497165010217174,0.5252282556463239,0.5933172681489215,0.0002952874741692,12.812397625000813,13.4MB,6.5GB,37.4GB,squeezenet1_1,20260601_114302
5,0.7945670001538726,0.696086508753862,0.6863672425487736,0.9760987767802012,0.5804901489668428,0.6258520795627014,0.0002926584774442,12.8214202500003,13.4MB,6.5GB,37.4GB,squeezenet1_1,20260601_114302
6,0.6512987941350062,0.7376930998970134,0.7314460345523528,0.7545990891779689,0.6732340221047574,0.7310717280304202,0.0002894664728832,12.854440334000174,13.4MB,6.5GB,37.4GB,squeezenet1_1,20260601_114302
7,0.5726847463729575,0.7611740473738414,0.7579295562028631,0.8277217270891464,0.6674675636713119,0.7424373542236609,0.0002857240578699,12.869686541000192,13.4MB,6.5GB,37.4GB,squeezenet1_1,20260601_114302
8,0.49840515094486,0.7833161688980432,0.7800668140402638,0.7711952853122621,0.67611725132148,0.7514132487222906,0.0002814460020065,12.874922375000097,13.4MB,6.5GB,37.4GB,squeezenet1_1,20260601_114302
9,0.4624823001889563,0.8,0.7967398886775188,0.6487979440950304,0.7059106198942816,0.7851277932229374,0.0002766491888253,12.795251999999891,13.4MB,6.5GB,37.4GB,squeezenet1_1,20260601_114302
10,0.4380978431564158,0.8041194644696189,0.8006406147479956,0.540535123430726,0.7246516098029794,0.8038491872230338,0.0002713525491562,12.787003375000497,13.4MB,6.5GB,37.4GB,squeezenet1_1,20260601_114302
11,0.40517488369981,0.8132852729145211,0.8156939872354565,0.6390581234666604,0.6938971648246035,0.7686369286987758,0.0002655769864163,12.759334583000964,13.4MB,6.5GB,37.4GB,squeezenet1_1,20260601_114302
12,0.3594415708378832,0.8331616889804325,0.8318761573415343,0.5359203337706493,0.7251321480057664,0.8083813257925377,0.0002593452941132,12.74676908299989,13.4MB,6.5GB,37.4GB,squeezenet1_1,20260601_114302
13,0.4028990979543306,0.8179196704428424,0.8158282260772587,0.5294051591963908,0.7212878423834694,0.8029889616535684,0.0002526820658893,12.740796292000596,13.4MB,6.5GB,37.4GB,squeezenet1_1,20260601_114302
14,0.360327638407937,0.8299691040164778,0.8271784499197348,0.5314447380269393,0.7333012974531475,0.8179714345705353,0.0002456135984623,12.710193540999173,13.4MB,6.5GB,37.4GB,squeezenet1_1,20260601_114302
15,0.3610116958740934,0.8277033985581874,0.8273811128979047,0.5306021240054272,0.7318596828447862,0.8175424337358562,0.0002381677878438,12.7112703340008,13.4MB,6.5GB,37.4GB,squeezenet1_1,20260601_114302
16,0.3441796796636159,0.8368692070030896,0.8383344671607622,0.5071831513402096,0.739067755886593,0.8161815245715404,0.0002303740192468,12.695006417001425,13.4MB,6.5GB,37.4GB,squeezenet1_1,20260601_114302
17,0.3426515093976756,0.831307929969104,0.831095030744839,0.4931927793648081,0.7462758289283998,0.8288801595320916,0.0002222630511152,12.704957083000409,13.4MB,6.5GB,37.4GB,squeezenet1_1,20260601_114302
18,0.3317036301910447,0.8424304840370752,0.8415038858231312,0.4956486803702813,0.7506006727534839,0.8330558373640184,0.0002138668937347,12.704172792000463,13.4MB,6.5GB,37.4GB,squeezenet1_1,20260601_114302
19,0.3374944204712012,0.8425334706488157,0.8445037021313788,0.5003636774107105,0.7400288322921672,0.8241766671628481,0.0002052186829027,12.731461334000414,13.4MB,6.5GB,37.4GB,squeezenet1_1,20260601_114302
20,0.3115179938219111,0.8476828012358394,0.849590652116293,0.4513133994551131,0.747236905333974,0.8291375264036619,0.0001963525491562,12.756881915998749,13.4MB,6.5GB,37.4GB,squeezenet1_1,20260601_114302
21,0.3111207259302895,0.8466529351184346,0.8477507269301796,0.5096357771549472,0.7409899086977415,0.8223527932879409,0.0001873034830747,12.724230292000357,13.4MB,6.5GB,37.4GB,squeezenet1_1,20260601_114302
22,0.3237929517650702,0.8457260556127704,0.8473701076235983,0.4562772366360137,0.7515617491590582,0.8346759139009343,0.0001781071971878,12.752545792000092,13.4MB,6.5GB,37.4GB,squeezenet1_1,20260601_114302
23,0.2974532289129329,0.8534500514933059,0.8532170586304955,0.4558902703358083,0.739067755886593,0.824936893860822,0.0001687999850346,12.7245370419987,13.4MB,6.5GB,37.4GB,squeezenet1_1,20260601_114302
24,0.3164074414053857,0.8465499485066942,0.8481399853932969,0.4827502875131005,0.7554060547813551,0.8371256887348894,0.0001594185779293,12.700984499999322,13.4MB,6.5GB,37.4GB,squeezenet1_1,20260601_114302
25,0.2958015585596357,0.8527291452111225,0.8515157138589567,0.4451568041897232,0.7539644401729938,0.837961931238756,0.00015,12.707227500000954,13.4MB,6.5GB,37.4GB,squeezenet1_1,20260601_114302
26,0.2843842241656031,0.8559217301750772,0.858252479141711,0.4728505436128747,0.7592503604036521,0.841491787082189,0.0001405814220706,12.704129749999993,13.4MB,6.5GB,37.4GB,squeezenet1_1,20260601_114302
27,0.281926929029942,0.8548918640576725,0.8527907985338145,0.4479265598538173,0.7385872176838059,0.8238785785940874,0.0001312000149653,12.71946454099998,13.4MB,6.5GB,37.4GB,squeezenet1_1,20260601_114302
28,0.2837534488966242,0.8542739443872297,0.8534407927292467,0.4592931092444204,0.747236905333974,0.8295727621709512,0.0001218928028121,12.70119508300013,13.4MB,6.5GB,37.4GB,squeezenet1_1,20260601_114302
29,0.2750261264468565,0.8648815653964984,0.8654774115392959,0.4365868135635123,0.7481979817395483,0.831429941435284,0.0001126965169252,12.704453166999883,13.4MB,6.5GB,37.4GB,squeezenet1_1,20260601_114302
30,0.2814026727950168,0.8633367662203913,0.8636294652070353,0.4429947913466366,0.7544449783757808,0.8384588208598172,0.0001036474508437,12.691274250000788,13.4MB,6.5GB,37.4GB,squeezenet1_1,20260601_114302
31,0.2827864311075357,0.856951596292482,0.8551244257843719,0.4471946519364078,0.7525228255646323,0.8369921677378661,9.478131709729836e-05,12.700138042000615,13.4MB,6.5GB,37.4GB,squeezenet1_1,20260601_114302
32,0.2721504751381864,0.8591143151390319,0.8589355656463441,0.4393511095166149,0.7544449783757808,0.8383308829753565,8.61331062652391e-05,12.69991541699892,13.4MB,6.5GB,37.4GB,squeezenet1_1,20260601_114302
33,0.2815412669667991,0.8556127703398558,0.8586393906625824,0.4477776692269915,0.758769822200865,0.8413811447329795,7.773694888474269e-05,12.721246375000192,13.4MB,6.5GB,37.4GB,squeezenet1_1,20260601_114302
34,0.274900865266301,0.8603501544799176,0.8597372666508326,0.432324391468851,0.7409899086977415,0.828634293213076,6.962598075315047e-05,12.712127875000078,13.4MB,6.5GB,37.4GB,squeezenet1_1,20260601_114302
35,0.2667597083672191,0.8672502574665294,0.8644167850824073,0.4359568926876752,0.7534839019702066,0.8381128219341369,6.183221215612905e-05,12.716408958000102,13.4MB,6.5GB,37.4GB,squeezenet1_1,20260601_114302
36,0.2713371561619574,0.8634397528321318,0.8644551283875879,0.4295561777634554,0.7477174435367612,0.8331950059080959,5.438640153769654e-05,12.729136417001428,13.4MB,6.5GB,37.4GB,squeezenet1_1,20260601_114302
37,0.2634240368920177,0.864572605561277,0.8606810707886096,0.4345510997261238,0.7347429120615089,0.8234900631070645,4.73179341106967e-05,12.695613499998217,13.4MB,6.5GB,37.4GB,squeezenet1_1,20260601_114302
38,0.2626778451593479,0.8656024716786818,0.8654309483446156,0.4435442831870285,0.746756367131187,0.8333096268986484,4.0654705886788306e-05,12.69739295799991,13.4MB,6.5GB,37.4GB,squeezenet1_1,20260601_114302
39,0.2690840116183127,0.8631307929969104,0.8630567413574431,0.4416044382794667,0.7563671311869293,0.8402307964506003,3.4423013583631635e-05,12.692353624999669,13.4MB,6.5GB,37.4GB,squeezenet1_1,20260601_114302
40,0.2694029554678654,0.8640576725025747,0.8638689690859711,0.4266846510494402,0.7448342143200385,0.8313674592893767,2.86474508437579e-05,12.701729083000828,13.4MB,6.5GB,37.4GB,squeezenet1_1,20260601_114302
41,0.2626347816736273,0.8666323377960865,0.8642331401561655,0.4421191383359066,0.7491590581451225,0.835127870066036,2.3350811174697777e-05,12.693946167000831,13.4MB,6.5GB,37.4GB,squeezenet1_1,20260601_114302
42,0.2647067155086662,0.8615859938208033,0.8617002786234809,0.439222868390521,0.7462758289283998,0.8330837765017534,1.8553997993420465e-05,12.685502042000737,13.4MB,6.5GB,37.4GB,squeezenet1_1,20260601_114302
43,0.2586021927677394,0.8663233779608651,0.8638467994816778,0.4437171680202053,0.7496395963479097,0.8356959774553858,1.42759421300971e-05,12.670452832999215,13.4MB,6.5GB,37.4GB,squeezenet1_1,20260601_114302
44,0.2651096717612751,0.86302780638517,0.862394543810357,0.4470533139713677,0.7496395963479097,0.8353828922786019,1.05335271167623e-05,12.654040750001514,13.4MB,6.5GB,37.4GB,squeezenet1_1,20260601_114302
45,0.2556180896032237,0.872399588053553,0.870060846891193,0.438470121560791,0.743392599711677,0.8307351276536362,7.341522555726972e-06,12.663917541998671,13.4MB,6.5GB,37.4GB,squeezenet1_1,20260601_114302
46,0.2576019036981644,0.870236869207003,0.8675234574740904,0.4394012225012204,0.7525228255646323,0.8373035006637611,4.712525830705356e-06,12.657171540999116,13.4MB,6.5GB,37.4GB,squeezenet1_1,20260601_114302
47,0.2551885207330407,0.8695159629248198,0.868993824512565,0.432150914541865,0.7424315233061028,0.8299589701367545,2.656912390696692e-06,12.6609662080009,13.4MB,6.5GB,37.4GB,squeezenet1_1,20260601_114302
48,0.2619530412735826,0.8652935118434604,0.8666507520794389,0.434389609204411,0.7438731379144642,0.8308556793063195,1.1827948028283352e-06,12.668020875000366,13.4MB,6.5GB,37.4GB,squeezenet1_1,20260601_114302
49,0.264025016693757,0.8637487126673532,0.863045967959327,0.4348673152270539,0.743392599711677,0.8308630553632471,2.959907357592662e-07,12.679175208999368,13.4MB,6.5GB,37.4GB,squeezenet1_1,20260601_114302
50,0.2673350689155802,0.8606591143151391,0.8615510190547275,0.4349134961954966,0.7424315233061028,0.830225916629446,0.0,12.68943075000061,13.4MB,6.5GB,37.4GB,squeezenet1_1,20260601_114302
1,1.6229536134354483,0.4505664263645726,0.4071389480205501,1.0860609276715176,0.5588659298414224,0.605877096911468,0.0002997040092642,18.00613741699999,31.5MB,6.5GB,37.4GB,shufflenet_v2_x1_0,20260601_114302
2,0.6831641831555155,0.741091658084449,0.7294806473358159,0.6145675703059704,0.7174435367611726,0.7955270432208146,0.0002988172051971,17.42736791599964,31.5MB,6.5GB,37.4GB,shufflenet_v2_x1_0,20260601_114302
3,0.4491515228235144,0.8096807415036046,0.8084556670405345,0.5247625985837567,0.7366650648726574,0.8193233130933444,0.0002973430876093,17.311304917000598,31.5MB,6.5GB,37.4GB,shufflenet_v2_x1_0,20260601_114302
4,0.3780899983355977,0.8306900102986612,0.8266582173647046,0.4777264179718259,0.7501201345506968,0.8304825405802312,0.0002952874741692,17.245444540998506,31.5MB,6.5GB,37.4GB,shufflenet_v2_x1_0,20260601_114302
5,0.3385452161365631,0.8449021627188465,0.8411983434215946,0.4455752995425494,0.7554060547813551,0.8352338950557776,0.0002926584774442,17.365824542001064,31.5MB,6.5GB,37.4GB,shufflenet_v2_x1_0,20260601_114302
6,0.3356058210103814,0.8383110195674562,0.8401398026692887,0.4709734961655437,0.7481979817395483,0.8289001535633127,0.0002894664728832,17.3431700000001,31.5MB,6.5GB,37.4GB,shufflenet_v2_x1_0,20260601_114302
7,0.3075498779328304,0.8558187435633368,0.855021710721036,0.4395260594316195,0.7554060547813551,0.8355520616975992,0.0002857240578699,17.3384434590007,31.5MB,6.5GB,37.4GB,shufflenet_v2_x1_0,20260601_114302
8,0.3009537789682895,0.8572605561277034,0.8516674467271313,0.4260294707791843,0.7602114368092263,0.8406023568956424,0.0002814460020065,17.33513454199965,31.5MB,6.5GB,37.4GB,shufflenet_v2_x1_0,20260601_114302
9,0.2986045752353697,0.8562306900102986,0.8508353440926187,0.4323717486909924,0.7630946660259491,0.8418967950100985,0.0002766491888253,17.292781915999512,31.5MB,6.5GB,37.4GB,shufflenet_v2_x1_0,20260601_114302
10,0.2987585329371058,0.8587023686920701,0.8560223755200708,0.3999906097221466,0.7568476693897165,0.8388749181708861,0.0002713525491562,17.29614841700095,31.5MB,6.5GB,37.4GB,shufflenet_v2_x1_0,20260601_114302
11,0.2953853456907734,0.8540679711637487,0.8506767684081761,0.4193897581283775,0.7611725132148006,0.8412449581092716,0.0002655769864163,17.306119749999198,31.5MB,6.5GB,37.4GB,shufflenet_v2_x1_0,20260601_114302
12,0.2773299080458777,0.8627188465499485,0.8604502738786535,0.4001449281524317,0.7654973570398846,0.8457148109085398,0.0002593452941132,17.338337499999398,31.5MB,6.5GB,37.4GB,shufflenet_v2_x1_0,20260601_114302
13,0.2899141327083786,0.8599382080329557,0.8583020221594749,0.4227656736962787,0.7645362806343105,0.8442994933792098,0.0002526820658893,17.305778874999305,31.5MB,6.5GB,37.4GB,shufflenet_v2_x1_0,20260601_114302
14,0.2807343077002789,0.8629248197734295,0.8593470880137775,0.41755386057065,0.7630946660259491,0.8440955116668849,0.0002456135984623,17.312703667001188,31.5MB,6.5GB,37.4GB,shufflenet_v2_x1_0,20260601_114302
15,0.2773921484068174,0.8656024716786818,0.8624388939719022,0.4093559626087095,0.7693416626621816,0.8485804266214065,0.0002381677878438,17.31171083299887,31.5MB,6.5GB,37.4GB,shufflenet_v2_x1_0,20260601_114302
16,0.2756125948885811,0.8651905252317199,0.8622608944844738,0.4121036284076428,0.766938971648246,0.8466819873185238,0.0002303740192468,17.31340850000197,31.5MB,6.5GB,37.4GB,shufflenet_v2_x1_0,20260601_114302
17,0.2861570151041268,0.8584963954685891,0.8560270494754334,0.4042637957683381,0.7635752042287361,0.8435486385205581,0.0002222630511152,17.34525775000293,31.5MB,6.5GB,37.4GB,shufflenet_v2_x1_0,20260601_114302
18,0.2701156399676041,0.8629248197734295,0.8614077425085471,0.4183899895437974,0.766938971648246,0.8462010557665237,0.0002138668937347,17.331420667000202,31.5MB,6.5GB,37.4GB,shufflenet_v2_x1_0,20260601_114302
19,0.2696244449436235,0.8646755921730175,0.8639271022887348,0.3976786865860381,0.7698222008649688,0.8487993459455221,0.0002052186829027,17.329365707999386,31.5MB,6.5GB,37.4GB,shufflenet_v2_x1_0,20260601_114302
20,0.2733920418577754,0.8603501544799176,0.8571100346235337,0.4042202133160838,0.7640557424315233,0.8452127157311612,0.0001963525491562,17.33219766700131,31.5MB,6.5GB,37.4GB,shufflenet_v2_x1_0,20260601_114302
21,0.2631683517803738,0.8662203913491247,0.8609412444980878,0.403123004026335,0.7664584334454589,0.8466323456689254,0.0001873034830747,17.353739624999434,31.5MB,6.5GB,37.4GB,shufflenet_v2_x1_0,20260601_114302
22,0.2635537392754265,0.8668383110195674,0.8640890842267006,0.4112561206471627,0.7688611244593945,0.8482504448578041,0.0001781071971878,17.344397417000437,31.5MB,6.5GB,37.4GB,shufflenet_v2_x1_0,20260601_114302
23,0.2739672564330724,0.8616889804325437,0.8617576951855325,0.4094220358898066,0.7674195098510331,0.8475317609798491,0.0001687999850346,17.371250332998898,31.5MB,6.5GB,37.4GB,shufflenet_v2_x1_0,20260601_114302
24,0.2682870161214155,0.8641606591143152,0.8632036409103515,0.3991424371163928,0.766938971648246,0.8468438167938188,0.0001594185779293,17.371830416999728,31.5MB,6.5GB,37.4GB,shufflenet_v2_x1_0,20260601_114302
25,0.2805169500970693,0.8561277033985581,0.8563514800906495,0.4040774892924326,0.7679000480538203,0.84739895118674,0.00015,17.361156999999366,31.5MB,6.5GB,37.4GB,shufflenet_v2_x1_0,20260601_114302
26,0.2640266274202741,0.8674562306900103,0.8637008849731447,0.4042123268854727,0.7693416626621816,0.8486507261237283,0.0001405814220706,17.36208241699933,31.5MB,6.5GB,37.4GB,shufflenet_v2_x1_0,20260601_114302
27,0.2667812447223801,0.8652935118434604,0.8601940708496301,0.4047590059365635,0.7630946660259491,0.844422689028582,0.0001312000149653,17.3936899170003,31.5MB,6.5GB,37.4GB,shufflenet_v2_x1_0,20260601_114302
28,0.2599711018291241,0.8699279093717817,0.8659971957963013,0.4075534684276535,0.7683805862566074,0.8478752991291775,0.0001218928028121,17.37135229100022,31.5MB,6.5GB,37.4GB,shufflenet_v2_x1_0,20260601_114302
29,0.2637814806185348,0.8661174047373842,0.8639418451049515,0.4036954488392233,0.7635752042287361,0.8446094719968985,0.0001126965169252,17.375932082999498,31.5MB,6.5GB,37.4GB,shufflenet_v2_x1_0,20260601_114302
30,0.2615327636994245,0.8670442842430484,0.8640556456053472,0.4130259214084575,0.7635752042287361,0.8446035737503182,0.0001036474508437,17.371454500000254,31.5MB,6.5GB,37.4GB,shufflenet_v2_x1_0,20260601_114302
31,0.2632606577339182,0.8648815653964984,0.8630762738863594,0.4092579591108136,0.7621335896203748,0.8439046032585025,9.478131709729836e-05,17.383513875000062,31.5MB,6.5GB,37.4GB,shufflenet_v2_x1_0,20260601_114302
32,0.2581203315579682,0.8685890834191555,0.865698387203648,0.4126016196008487,0.7602114368092263,0.8425403407039103,8.61331062652391e-05,17.351128291997156,31.5MB,6.5GB,37.4GB,shufflenet_v2_x1_0,20260601_114302
33,0.2635179115250231,0.8640576725025747,0.8637325617141688,0.4101813937654179,0.754925516578568,0.8389755717149942,7.773694888474269e-05,17.35987704099898,31.5MB,6.5GB,37.4GB,shufflenet_v2_x1_0,20260601_114302
34,0.2495831928986108,0.8755921730175077,0.8692670903941226,0.4244784171451805,0.7645362806343105,0.8454709083626782,6.962598075315047e-05,17.36228354099876,31.5MB,6.5GB,37.4GB,shufflenet_v2_x1_0,20260601_114302
35,0.251767886783755,0.8693099897013389,0.8646131086117929,0.4107599842153106,0.7544449783757808,0.8384655137002212,6.183221215612905e-05,17.371314791998884,31.5MB,6.5GB,37.4GB,shufflenet_v2_x1_0,20260601_114302
36,0.2523112577402506,0.8696189495365603,0.8649366866913901,0.4129761901112602,0.7582892839980778,0.8406041326921927,5.438640153769654e-05,17.361772917000053,31.5MB,6.5GB,37.4GB,shufflenet_v2_x1_0,20260601_114302
37,0.2610767367356346,0.8673532440782699,0.8675470937135734,0.4221038897698571,0.7544449783757808,0.8379971933848978,4.73179341106967e-05,17.37133416600045,31.5MB,6.5GB,37.4GB,shufflenet_v2_x1_0,20260601_114302
38,0.2552258418222657,0.8654994850669413,0.859953989795503,0.4106976967600318,0.751081210956271,0.8357657613211955,4.0654705886788306e-05,17.353680707998137,31.5MB,6.5GB,37.4GB,shufflenet_v2_x1_0,20260601_114302
39,0.247737278794653,0.8744593202883625,0.866331035228553,0.418594202761579,0.7597308986064392,0.841767302827916,3.4423013583631635e-05,17.381393416999344,31.5MB,6.5GB,37.4GB,shufflenet_v2_x1_0,20260601_114302
40,0.2559311094846342,0.8694129763130793,0.8643098978121059,0.4177506765970984,0.7534839019702066,0.8378802576481257,2.86474508437579e-05,17.44842704199982,31.5MB,6.5GB,37.4GB,shufflenet_v2_x1_0,20260601_114302
41,0.2611593474627278,0.8668383110195674,0.8613149964939962,0.4185418937425095,0.7563671311869293,0.839613207632786,2.3350811174697777e-05,17.403000708000036,31.5MB,6.5GB,37.4GB,shufflenet_v2_x1_0,20260601_114302
42,0.2528078957885719,0.8685890834191555,0.8638979951486442,0.4160112151728405,0.754925516578568,0.8385004653135448,1.8553997993420465e-05,17.394798624998657,31.5MB,6.5GB,37.4GB,shufflenet_v2_x1_0,20260601_114302
43,0.2520086692195351,0.8710607621009269,0.8677731470741932,0.4179146333934595,0.7544449783757808,0.8380645106696876,1.42759421300971e-05,17.37122766599714,31.5MB,6.5GB,37.4GB,shufflenet_v2_x1_0,20260601_114302
44,0.2729390449430621,0.8566426364572606,0.8596132898084622,0.4169491099543665,0.751081210956271,0.8357294388997585,1.05335271167623e-05,17.35453804200006,31.5MB,6.5GB,37.4GB,shufflenet_v2_x1_0,20260601_114302
45,0.2557076881953297,0.8672502574665294,0.8667831591245684,0.4161189246326613,0.7539644401729938,0.8377714376145686,7.341522555726972e-06,17.351659625001048,31.5MB,6.5GB,37.4GB,shufflenet_v2_x1_0,20260601_114302
46,0.2587680735407602,0.8652935118434604,0.8616201902587397,0.4162766602622494,0.7530033637674195,0.8371659149963351,4.712525830705356e-06,17.336980415999278,31.5MB,6.5GB,37.4GB,shufflenet_v2_x1_0,20260601_114302
47,0.2544216836579182,0.8717816683831102,0.868596635353541,0.4187973683582711,0.7568476693897165,0.8397168035613414,2.656912390696692e-06,17.38636837499871,31.5MB,6.5GB,37.4GB,shufflenet_v2_x1_0,20260601_114302
48,0.2619752475241799,0.8642636457260556,0.86304593453518,0.4173705740538656,0.7554060547813551,0.8389866101676773,1.1827948028283352e-06,17.374048624998977,31.5MB,6.5GB,37.4GB,shufflenet_v2_x1_0,20260601_114302
49,0.2612798391667748,0.8669412976313079,0.8667317361718792,0.4202678917349101,0.7568476693897165,0.8396880658862467,2.959907357592662e-07,17.36845175000053,31.5MB,6.5GB,37.4GB,shufflenet_v2_x1_0,20260601_114302
50,0.2674101762557987,0.8625128733264675,0.8613670205329441,0.4177397252962258,0.7573282075925036,0.8400131820678443,0.0,17.370925625000382,31.5MB,6.5GB,37.4GB,shufflenet_v2_x1_0,20260601_114302
